PRD_ID,PRD_NAME,SUPLIER_ID,PRD_CATEGORY_ID,PRD_UNIT_QTY,PRD_UNIT_PRICE,PRD_MFG_DATE,PRD_EXP_DATE
PRD#_10320,Hershey's Cocoa Powder,SUP_107,PCAT_10001, 225g, ?200,6/8/2020,8/23/2022
PRD#_10003,Agar-Agar Powder,SUP_124,PCAT_10001, 100 g, ?250,4/24/2020,1/21/2022
PRD#_10004,Almond Butter,SUP_105,PCAT_10001, 200 g, ?350,3/22/2020,8/13/2022
PRD#_10006,Almonds (Whole),SUP_127,PCAT_10001, 500 g, ?600,6/3/2020,6/26/2022
PRD#_10026,Baking Powder,SUP_106,PCAT_10001, 100 g, ?35,8/27/2020,6/23/2022
PRD#_10027,Baking Soda,SUP_119,PCAT_10001, 100 g, ?25,8/2/2020,7/2/2022
PRD#_10055,Brown Sugar,SUP_106,PCAT_10001, 1 kg, ?120,10/6/2020,9/18/2022
PRD#_10066,Cashew Nuts (Whole),SUP_121,PCAT_10001, 500 g, ?550,1/30/2020,2/7/2022
PRD#_10068,Castor Sugar,SUP_104,PCAT_10001, 1 kg, ?90,7/16/2020,12/17/2022
PRD#_10083,Choco Chips,SUP_107,PCAT_10001, 500 g, ?200,10/23/2020,7/6/2022
PRD#_10086,Cinnamon Powder,SUP_124,PCAT_10001, 50 g, ?60,11/8/2020,5/28/2022
PRD#_10092,Cocoa Powder,SUP_126,PCAT_10001, 150 g, ?150,10/12/2020,8/2/2022
PRD#_10095,Condensed Milk,SUP_126,PCAT_10001, 400 g, ?120,4/7/2020,3/13/2022
PRD#_10097,Cornflour,SUP_105,PCAT_10001, 500 g, ?60,9/30/2020,8/29/2022
PRD#_10104,Custard Powder,SUP_118,PCAT_10001, 500 g, ?65,6/4/2020,3/24/2022
PRD#_10131,Dried Cranberries,SUP_102,PCAT_10001, 200 g, ?300,7/15/2020,4/8/2022
PRD#_10157,Edible Glitter,SUP_108,PCAT_10001, 10 g, ?150,2/19/2020,8/22/2022
PRD#_10158,Edible Gold Leaf,SUP_124,PCAT_10001, 1 sheet, ?500,5/21/2020,7/21/2022
PRD#_10159,Edible Silver Leaf,SUP_107,PCAT_10001, 1 sheet, ?300,11/6/2020,12/13/2022
PRD#_10163,Evaporated Milk,SUP_120,PCAT_10001, 400 g, ?100,5/22/2020,4/22/2022
PRD#_10171,Fondant (White),SUP_120,PCAT_10001, 1 kg, ?400,2/20/2020,5/11/2022
PRD#_10172,Food Coloring (Assorted),SUP_116,PCAT_10001, 25 ml each, ?50 per color,9/14/2020,2/8/2022
PRD#_10249,Gelatin (Unflavored),SUP_113,PCAT_10001, 100 g, ?150,5/14/2020,5/16/2022
PRD#_10259,Granulated Sugar,SUP_111,PCAT_10001, 1 kg, ?50,12/16/2020,5/29/2022
PRD#_10314,Hazelnut Spread,SUP_127,PCAT_10001, 350 g, ?250,3/24/2020,6/19/2022
PRD#_10324,Honey,SUP_103,PCAT_10001, 500 g, ?199,9/15/2020,8/20/2022
PRD#_10329,Icing Sugar,SUP_125,PCAT_10001, 500 g, ?70,5/30/2020,7/13/2022
PRD#_10335,Instant Custard Mix,SUP_114,PCAT_10001, 100 g, ?40,10/11/2020,9/7/2022
PRD#_10368,Lemon Zest (Dried),SUP_107,PCAT_10001, 25 g, ?120,10/8/2020,3/10/2022
PRD#_10394,Maple Syrup,SUP_113,PCAT_10001, 1 l, ?1,12/5/2020,1/21/2022
PRD#_10398,Marzipan,SUP_124,PCAT_10001, 150 g, ?200,3/26/2020,3/11/2022
PRD#_10445,Nutmeg Powder,SUP_119,PCAT_10001, 50 g, ?70,2/25/2020,11/7/2022
PRD#_10449,Orange Blossom Water,SUP_117,PCAT_10001, 250 ml, ?300,11/17/2020,11/17/2022
PRD#_10450,Orange Zest (Dried),SUP_105,PCAT_10001, 25 g, ?120,12/24/2020,2/7/2022
PRD#_10523,Peanut Butter,SUP_107,PCAT_10001, 1 kg, ?350,3/25/2020,4/1/2022
PRD#_10547,Raisins,SUP_113,PCAT_10001, 500 g, ?200,3/9/2020,5/31/2022
PRD#_10576,Salted Butter,SUP_119,PCAT_10001, 500 g, ?230,9/23/2020,11/23/2022
PRD#_10594,Sprinkles (Assorted),SUP_104,PCAT_10001, 100 g, ?100,12/18/2020,1/9/2022
PRD#_10637,Unsalted Butter,SUP_109,PCAT_10001, 500 g, ?220,2/6/2020,1/4/2022
PRD#_10643,Vanilla Essence,SUP_113,PCAT_10001, 20 ml, ?60,7/30/2020,1/11/2022
PRD#_10649,Whipping Cream,SUP_111,PCAT_10001, 250 ml, ?60,7/25/2020,6/1/2022
PRD#_10658,Yeast (Active Dry),SUP_125,PCAT_10001, 500 g, ?250,8/11/2020,11/27/2022
PRD#_10009,Alpenliebe Creamfills Candy,SUP_121,PCAT_10002, 100g, ?50,1/29/2020,10/19/2022
PRD#_10010,Alpenliebe Gold Caramel Candy,SUP_101,PCAT_10002, 100g, ?50,8/7/2020,6/15/2022
PRD#_10063,Candyman Natkhat Mango,SUP_103,PCAT_10002, 100g, ?50,4/8/2020,3/16/2022
PRD#_10512,Parle Londonderry Candy,SUP_110,PCAT_10002, 100g, ?50,5/27/2020,4/21/2022
PRD#_10513,Parle Mango Bite Candy,SUP_110,PCAT_10002, 100g, ?50,3/3/2020,7/16/2022
PRD#_10516,Parle Orange Bite Candy,SUP_118,PCAT_10002, 100g, ?50,5/7/2020,11/1/2022
PRD#_10517,Parle Poppins Fruit Flavored Candy,SUP_113,PCAT_10002, 100g, ?50,8/12/2020,9/13/2022
PRD#_10540,Pulse Candy Guava Flavor,SUP_124,PCAT_10002, 100g, ?50,7/21/2020,9/27/2022
PRD#_10541,Pulse Candy Kachcha Aam,SUP_104,PCAT_10002, 100g, ?50,6/16/2020,12/22/2022
PRD#_10542,Pulse Candy Orange Flavor,SUP_105,PCAT_10002, 100g, ?50,6/20/2020,8/5/2022
PRD#_10015,Amul Dark Chocolate,SUP_122,PCAT_10003, 150g, ?100,4/13/2020,7/13/2022
PRD#_10016,Amul Fruit 'n' Nut Chocolate,SUP_110,PCAT_10003, 150g, ?100,10/31/2020,1/8/2022
PRD#_10017,Amul Milk Chocolate,SUP_116,PCAT_10003, 150g, ?100,5/22/2020,2/2/2022
PRD#_10056,Cadbury 5 Star Chocolate,SUP_127,PCAT_10003, 45g, ?20,1/11/2020,8/19/2022
PRD#_10058,Cadbury Dairy Milk Chocolate Bar,SUP_110,PCAT_10003, 50g, ?50,2/9/2020,11/15/2022
PRD#_10059,Cadbury Perk Chocolate,SUP_106,PCAT_10003,2g, ?5,8/19/2020,5/19/2022
PRD#_10062,Candyman Fantastik Choco Bar,SUP_126,PCAT_10003, 25g, ?10,7/20/2020,1/10/2022
PRD#_10167,Ferrero Rocher Hazelnut Chocolates,SUP_104,PCAT_10003, 200g (16 pieces), ?800,9/26/2020,8/13/2022
PRD#_10168,Ferrero Rondnoir Dark Chocolates,SUP_107,PCAT_10003, 124g (12 pieces), ?700,9/29/2020,6/21/2022
PRD#_10321,Hershey's Kisses Milk Chocolate,SUP_114,PCAT_10003, 108g, ?140,4/28/2020,8/17/2022
PRD#_10395,Mars Bounty Bar,SUP_118,PCAT_10003, 57g, ?50,9/20/2020,8/23/2022
PRD#_10396,Mars Chocolate Bar,SUP_112,PCAT_10003, 51g, ?50,2/1/2020,6/25/2022
PRD#_10397,Mars Snickers Bar,SUP_106,PCAT_10003, 50g, ?50,12/15/2020,3/26/2022
PRD#_10440,Nestle Bar One Chocolate,SUP_106,PCAT_10003, 50g, ?30,12/28/2020,12/12/2022
PRD#_10441,Nestle KitKat 4-Finger Wafer Bar,SUP_113,PCAT_10003, 37g, ?20,4/22/2020,12/11/2022
PRD#_10442,Nestle Munch Crunchilicious,SUP_123,PCAT_10003,8g, ?5,8/1/2020,12/7/2022
PRD#_10052,Brittle Almond Chikki,SUP_106,PCAT_10004, 100g, ?60,5/2/2020,3/12/2022
PRD#_10165,Ferrero Raffaello Almond Coconut,SUP_124,PCAT_10004, 150g (15 pieces), ?700,1/1/2020,1/31/2022
PRD#_10243,Garden Peanut Chikki,SUP_103,PCAT_10004, 100g, ?50,3/7/2020,9/15/2022
PRD#_10244,Garden Til Chikki,SUP_107,PCAT_10004, 100g, ?50,11/6/2020,11/2/2022
PRD#_10272,Haldiram's Gulab Jamun,SUP_116,PCAT_10004, 1kg, ?200,7/22/2020,2/25/2022
PRD#_10307,Haldiram's Rasgulla,SUP_113,PCAT_10004, 1kg, ?200,2/2/2020,2/6/2022
PRD#_10309,Haldiram's Soan Papdi,SUP_116,PCAT_10004, 250g, ?120,2/24/2020,8/24/2022
PRD#_10377,Lotte Choco Pie,SUP_113,PCAT_10004, 168g (6 pieces), ?60,3/16/2020,9/24/2022
PRD#_10001,Aashirvaad Svasti Ghee,SUP_108,PCAT_10005, 1 litre, ?550,8/4/2020,11/30/2022
PRD#_10019,Anveshan Wood Pressed Sunflower Oil,SUP_124,PCAT_10007, 1 litre, ?1,12/31/2020,10/14/2022
PRD#_10105,Dabur Anmol Gold Pure Coconut Oil,SUP_111,PCAT_10007, 600 ml, ?151,4/15/2020,10/19/2022
PRD#_10108,Dalda Vanaspati,SUP_107,PCAT_10007, 1 kg, ?150,10/29/2020,1/25/2022
PRD#_10160,Emami Healthy & Tasty Refined Rice Bran Oil,SUP_101,PCAT_10007, 1 litre, ?128,4/1/2020,8/19/2022
PRD#_10161,Emami Healthy & Tasty Refined Soyabean Oil,SUP_126,PCAT_10007, 1 litre, ?110,2/27/2020,8/23/2022
PRD#_10169,Figaro Extra Virgin Olive Oil,SUP_114,PCAT_10007, 1 litre, ?1,3/4/2020,4/1/2022
PRD#_10173,Fortune Kachi Ghani Mustard Oil,SUP_108,PCAT_10007, 1 litre, ?224,1/3/2020,1/23/2022
PRD#_10174,Fortune Rice Bran Health Oil,SUP_101,PCAT_10007, 1 litre, ?215,2/22/2020,11/4/2022
PRD#_10175,Fortune Soyabean Oil,SUP_104,PCAT_10007, 1 litre, ?160,1/4/2020,10/9/2022
PRD#_10176,Fortune Sunlite Sunflower Oil,SUP_122,PCAT_10007, 1 litre, ?185,4/28/2020,5/26/2022
PRD#_10250,Gemini Refined Sunflower Oil,SUP_107,PCAT_10007, 1 litre, ?225,1/19/2020,3/7/2022
PRD#_10254,GirOrganic Wood Pressed Groundnut Oil,SUP_125,PCAT_10007, 1 litre, ?1,7/18/2020,1/20/2022
PRD#_10270,Groundnut Oil,SUP_117,PCAT_10007, 1 litre, ?230,7/18/2020,7/29/2022
PRD#_10271,Gulab Groundnut Oil,SUP_108,PCAT_10007, 1 litre, ?220,10/25/2020,7/11/2022
PRD#_10315,Health 1st Castor Oil,SUP_118,PCAT_10007, 200 ml, ?230,5/12/2020,12/27/2022
PRD#_10316,Health 1st Flaxseed Oil,SUP_103,PCAT_10007, 500 ml, ?595,5/2/2020,10/15/2022
PRD#_10317,Health 1st Sesame Oil,SUP_127,PCAT_10007, 500 ml, ?445,8/10/2020,2/24/2022
PRD#_10345,Jivo Cold Pressed Sunflower Oil,SUP_112,PCAT_10007, 1 litre, ?689,2/22/2020,10/14/2022
PRD#_10348,Kachi Ghani Mustard Oil,SUP_125,PCAT_10007, 1 litre, ?160,7/29/2020,1/9/2022
PRD#_10351,Kapiva Kerala Virgin Coconut Oil,SUP_126,PCAT_10007, 250 ml, ?219,6/12/2020,9/14/2022
PRD#_10369,Leonardo Extra Virgin Olive Oil,SUP_106,PCAT_10007, 1 litre, ?699,4/14/2020,3/24/2022
PRD#_10384,Mahakosh Refined Soyabean Oil,SUP_102,PCAT_10007, 1 litre, ?160,12/7/2020,5/24/2022
PRD#_10413,Miller Canola Oil,SUP_119,PCAT_10007, 5 litres, ?1,8/21/2020,10/3/2022
PRD#_10432,Mustard Oil,SUP_104,PCAT_10007, 1 litre, ?158,1/21/2020,4/4/2022
PRD#_10435,Nature Fresh Acti Lite Sunflower Oil,SUP_119,PCAT_10007, 1 litre, ?185,9/22/2020,7/1/2022
PRD#_10446,Oleev Gold Multi-Source Edible Oil,SUP_105,PCAT_10007, 1 litre, ?182,11/30/2020,8/5/2022
PRD#_10447,Oleev Smart Edible Oil,SUP_125,PCAT_10007, 1 litre, ?176,10/24/2020,8/16/2022
PRD#_10448,Oleev Smart Multi-Source Edible Oil,SUP_120,PCAT_10007, 5 litres, ?910,5/9/2020,3/3/2022
PRD#_10506,Palmpure Refined Palmolein Oil,SUP_122,PCAT_10007, 850 g, ?98,9/29/2020,7/11/2022
PRD#_10509,Parachute Coconut Oil,SUP_103,PCAT_10007, 500 ml, ?120,2/3/2020,7/18/2022
PRD#_10518,Patanjali Kachi Ghani Mustard Oil,SUP_121,PCAT_10007, 1 litre, ?200,3/28/2020,12/3/2022
PRD#_10519,Patanjali Sunflower Oil,SUP_119,PCAT_10007, 1 litre, ?180,3/15/2020,8/17/2022
PRD#_10520,Patanjali Virgin Groundnut Oil,SUP_103,PCAT_10007, 1 litre, ?210,12/28/2020,6/30/2022
PRD#_10555,Rath Vanaspati,SUP_108,PCAT_10007, 1 kg, ?130,4/5/2020,2/9/2022
PRD#_10564,Refined Rice Bran Oil,SUP_112,PCAT_10007, 1 litre, ?160,2/22/2020,9/28/2022
PRD#_10565,Refined Soyabean Oil,SUP_127,PCAT_10007, 1 litre, ?140,8/1/2020,6/11/2022
PRD#_10566,Refined Sunflower Oil,SUP_106,PCAT_10007, 1 litre, ?150,12/4/2020,3/10/2022
PRD#_10567,Refined Vegetable Oil,SUP_127,PCAT_10007, 1 litre, ?200,7/13/2020,1/8/2022
PRD#_10572,Ruchi Gold Refined Palmolein Oil,SUP_116,PCAT_10007, 850 g, ?138,12/8/2020,7/9/2022
PRD#_10573,Saffola Gold,SUP_116,PCAT_10007, 1 litre, ?180,2/5/2020,10/26/2022
PRD#_10574,Saffola Tasty+ Edible Oil,SUP_107,PCAT_10007, 5 litres, ?805,6/17/2020,5/28/2022
PRD#_10575,Saffola Total,SUP_110,PCAT_10007, 1 litre, ?190,5/25/2020,6/13/2022
PRD#_10598,Sundrop Goldlite Sunflower Oil,SUP_115,PCAT_10007, 1 litre, ?236,6/4/2020,2/2/2022
PRD#_10599,Sundrop Heart Sunflower Oil,SUP_108,PCAT_10007, 1 litre, ?240,3/2/2020,6/11/2022
PRD#_10600,Sundrop Lite Sunflower Oil,SUP_125,PCAT_10007, 1 litre, ?225,5/29/2020,7/16/2022
PRD#_10601,Sundrop Nutrifit Refined Soyabean Oil,SUP_111,PCAT_10007, 1 litre, ?113,8/27/2020,4/30/2022
PRD#_10602,Sundrop Nutrifit Sunflower Oil,SUP_107,PCAT_10007, 1 litre, ?113,2/20/2020,7/24/2022
PRD#_10603,Sundrop Nutrilite Sunflower Oil,SUP_115,PCAT_10007, 1 litre, ?200,4/18/2020,12/8/2022
PRD#_10604,Sundrop Superlite Advanced Sunflower Oil,SUP_113,PCAT_10007, 1 litre, ?265,3/4/2020,3/17/2022
PRD#_10605,Sundrop Superlite Sunflower Oil,SUP_120,PCAT_10007, 1 litre, ?265,1/11/2020,1/17/2022
PRD#_10608,Sweekar Refined Sunflower Oil,SUP_124,PCAT_10007, 1 litre, ?225,4/8/2020,3/23/2022
PRD#_10618,Tata Simply Better Cold Pressed Mustard Oil,SUP_104,PCAT_10007, 1 litre, ?262,8/31/2020,10/2/2022
PRD#_10623,Tilsona Gold Sesame Oil,SUP_120,PCAT_10007, 200 ml, ?95,11/7/2020,12/19/2022
PRD#_10644,Vimal Refined Sunflower Oil,SUP_114,PCAT_10007, 1 litre, ?185,2/17/2020,12/11/2022
PRD#_10177,Frozen Aloo Mutter Tikki,SUP_123,PCAT_10009, 400 g, ?170,2/1/2020,7/27/2022
PRD#_10178,Frozen Aloo Tikki,SUP_124,PCAT_10009, 1 kg, ?160,9/27/2020,4/11/2022
PRD#_10179,Frozen Cheese Corn Nuggets,SUP_110,PCAT_10009, 400 g, ?220,4/27/2020,3/10/2022
PRD#_10180,Frozen Chilli Garlic Potato Bites,SUP_122,PCAT_10009, 400 g, ?210,5/31/2020,2/27/2022
PRD#_10181,Frozen French Fries,SUP_111,PCAT_10009, 1 kg, ?150,10/10/2020,10/11/2022
PRD#_10182,Frozen Fresh Fries,SUP_110,PCAT_10009, 1 kg, ?90,10/19/2020,12/14/2022
PRD#_10183,Frozen Green Peas,SUP_126,PCAT_10009, 1 kg, ?120,9/19/2020,1/16/2022
PRD#_10184,Frozen Hara Bhara Kabab,SUP_107,PCAT_10009, 400 g, ?190,11/1/2020,7/11/2022
PRD#_10185,Frozen Masala Fries,SUP_121,PCAT_10009, 400 g, ?180,2/13/2020,5/28/2022
PRD#_10186,Frozen Mixed Vegetables,SUP_121,PCAT_10009, 1 kg, ?140,1/27/2020,7/2/2022
PRD#_10187,Frozen Sabudana Khichdi,SUP_107,PCAT_10009, 500 g, ?185,9/9/2020,8/16/2022
PRD#_10188,Frozen Smiles,SUP_124,PCAT_10009, 750 g, ?180,10/7/2020,3/10/2022
PRD#_10189,Frozen Super Wedges,SUP_110,PCAT_10009, 750 g, ?190,11/10/2020,9/2/2022
PRD#_10190,Frozen Sweet Corn,SUP_126,PCAT_10009, 1 kg, ?130,12/16/2020,2/12/2022
PRD#_10191,Frozen Veg Fingers,SUP_111,PCAT_10009, 400 g, ?200,11/22/2020,9/22/2022
PRD#_10192,Frozen Veg Seekh Kebab,SUP_105,PCAT_10009, 400 g, ?230,7/12/2020,11/11/2022
PRD#_10193,Frozen Veggie Burger Patty,SUP_107,PCAT_10009, 420 g, ?210,10/6/2020,6/3/2022
PRD#_10194,Frozen Veggie Cheese Balls,SUP_125,PCAT_10009, 400 g, ?250,1/3/2020,1/16/2022
PRD#_10195,Frozen Veggie Cheese Fingers,SUP_121,PCAT_10009, 400 g, ?220,12/20/2020,12/31/2022
PRD#_10196,Frozen Veggie Cutlet,SUP_115,PCAT_10009, 400 g, ?190,8/17/2020,7/21/2022
PRD#_10197,Frozen Veggie Kathi Roll,SUP_112,PCAT_10009, 400 g, ?220,10/9/2020,6/15/2022
PRD#_10198,Frozen Veggie Momos,SUP_125,PCAT_10009, 400 g, ?230,6/1/2020,12/30/2022
PRD#_10199,Frozen Veggie Nuggets,SUP_115,PCAT_10009, 750 g, ?200,4/2/2020,4/25/2022
PRD#_10200,Frozen Veggie Pakora,SUP_121,PCAT_10009, 400 g, ?200,3/28/2020,4/26/2022
PRD#_10201,Frozen Veggie Parantha,SUP_124,PCAT_10009, 400 g, ?230,12/28/2020,12/16/2022
PRD#_10202,Frozen Veggie Pizza Pocket,SUP_104,PCAT_10009, 400 g, ?240,9/19/2020,2/19/2022
PRD#_10203,Frozen Veggie Pops,SUP_124,PCAT_10009, 400 g, ?210,2/26/2020,9/17/2022
PRD#_10204,Frozen Veggie Samosa,SUP_119,PCAT_10009, 400 g, ?200,8/26/2020,2/9/2022
PRD#_10205,Frozen Veggie Spring Roll,SUP_120,PCAT_10009, 400 g, ?220,11/27/2020,9/2/2022
PRD#_10206,Frozen Veggie Stix,SUP_108,PCAT_10009, 400 g, ?200,8/30/2020,11/24/2022
PRD#_10207,Frozen Veggie Stuffed Adai,SUP_109,PCAT_10009, 400 g, ?370,4/10/2020,2/8/2022
PRD#_10208,Frozen Veggie Stuffed Akki Roti,SUP_101,PCAT_10009, 400 g, ?410,12/18/2020,4/16/2022
PRD#_10209,Frozen Veggie Stuffed Appam,SUP_107,PCAT_10009, 400 g, ?340,8/29/2020,5/14/2022
PRD#_10210,Frozen Veggie Stuffed Bhatura,SUP_114,PCAT_10009, 400 g, ?290,6/15/2020,8/5/2022
PRD#_10211,Frozen Veggie Stuffed Dhokla,SUP_103,PCAT_10009, 400 g, ?440,4/28/2020,1/1/2022
PRD#_10212,Frozen Veggie Stuffed Dosa,SUP_111,PCAT_10009, 400 g, ?300,3/9/2020,8/9/2022
PRD#_10213,Frozen Veggie Stuffed Fafda,SUP_127,PCAT_10009, 400 g, ?470,9/7/2020,5/18/2022
PRD#_10214,Frozen Veggie Stuffed Gujiya,SUP_119,PCAT_10009, 400 g, ?520,9/3/2020,12/11/2022
PRD#_10215,Frozen Veggie Stuffed Handvo,SUP_103,PCAT_10009, 400 g, ?460,9/26/2020,8/3/2022
PRD#_10216,Frozen Veggie Stuffed Idli,SUP_125,PCAT_10009, 400 g, ?310,10/2/2020,11/26/2022
PRD#_10217,Frozen Veggie Stuffed Jalebi,SUP_109,PCAT_10009, 400 g, ?480,6/14/2020,5/8/2022
PRD#_10218,Frozen Veggie Stuffed Kachori,SUP_103,PCAT_10009, 400 g, ?530,12/13/2020,6/25/2022
PRD#_10219,Frozen Veggie Stuffed Khandvi,SUP_121,PCAT_10009, 400 g, ?450,5/26/2020,2/15/2022
PRD#_10220,Frozen Veggie Stuffed Kulcha,SUP_126,PCAT_10009, 400 g, ?250,1/14/2020,9/4/2022
PRD#_10221,Frozen Veggie Stuffed Malpua,SUP_110,PCAT_10009, 400 g, ?490,11/26/2020,12/25/2022
PRD#_10222,Frozen Veggie Stuffed Modak,SUP_119,PCAT_10009, 400 g, ?510,2/23/2020,4/26/2022
PRD#_10223,Frozen Veggie Stuffed Naan,SUP_102,PCAT_10009, 400 g, ?240,7/1/2020,9/15/2022
PRD#_10224,Frozen Veggie Stuffed Neer Dosa,SUP_102,PCAT_10009, 400 g, ?400,7/22/2020,3/8/2022
PRD#_10225,Frozen Veggie Stuffed Pakora,SUP_110,PCAT_10009, 400 g, ?550,6/21/2020,5/25/2022
PRD#_10226,Frozen Veggie Stuffed Paniyaram,SUP_126,PCAT_10009, 400 g, ?350,3/30/2020,5/11/2022
PRD#_10227,Frozen Veggie Stuffed Paratha,SUP_102,PCAT_10009, 400 g, ?260,6/8/2020,9/7/2022
PRD#_10228,Frozen Veggie Stuffed Pathiri,SUP_112,PCAT_10009, 400 g, ?390,3/2/2020,1/28/2022
PRD#_10229,Frozen Veggie Stuffed Pesarattu,SUP_108,PCAT_10009, 400 g, ?360,6/23/2020,5/26/2022
PRD#_10230,Frozen Veggie Stuffed Poori,SUP_112,PCAT_10009, 400 g, ?280,1/14/2020,1/23/2022
PRD#_10231,Frozen Veggie Stuffed Puran Poli,SUP_123,PCAT_10009, 400 g, ?500,11/23/2020,10/8/2022
PRD#_10232,Frozen Veggie Stuffed Puttu,SUP_126,PCAT_10009, 400 g, ?380,12/19/2020,11/15/2022
PRD#_10233,Frozen Veggie Stuffed Roti,SUP_102,PCAT_10009, 400 g, ?270,3/10/2020,2/5/2022
PRD#_10234,Frozen Veggie Stuffed Samosa,SUP_112,PCAT_10009, 400 g, ?540,5/10/2020,10/9/2022
PRD#_10235,Frozen Veggie Stuffed Thalipeeth,SUP_118,PCAT_10009, 400 g, ?420,3/17/2020,9/11/2022
PRD#_10236,Frozen Veggie Stuffed Thepla,SUP_106,PCAT_10009, 400 g, ?430,7/4/2020,11/18/2022
PRD#_10237,Frozen Veggie Stuffed Uttapam,SUP_123,PCAT_10009, 400 g, ?330,12/10/2020,3/9/2022
PRD#_10238,Frozen Veggie Stuffed Vada,SUP_113,PCAT_10009, 400 g, ?320,9/19/2020,12/9/2022
PRD#_10592,Spicy Spinach Paneer Dimsum,SUP_126,PCAT_10009, 200 g, ?35,2/9/2020,1/10/2022
PRD#_10011,Alpenliebe Juzt Jelly,SUP_104,PCAT_10012, 100g, ?50,3/21/2020,9/6/2022
PRD#_10342,Jelly Belly Assorted Flavors,SUP_123,PCAT_10013, 100g, ?200,5/29/2020,3/30/2022
PRD#_10343,Jelly Belly BeanBoozled,SUP_111,PCAT_10013, 100g, ?250,6/10/2020,8/1/2022
PRD#_10344,Jelly Belly Sours,SUP_125,PCAT_10013, 100g, ?200,3/4/2020,11/11/2022
PRD#_10041,Black Chana,SUP_104,PCAT_10014, 1 kg, ?120,9/8/2020,5/12/2022
PRD#_10042,Black Chana,SUP_106,PCAT_10014, 1 kg, ?120,8/19/2020,8/17/2022
PRD#_10043,Black Chana,SUP_122,PCAT_10014, 1 kg, ?125,6/9/2020,2/4/2022
PRD#_10044,Black Eyed Beans (Lobia),SUP_125,PCAT_10014, 1 kg, ?110,10/26/2020,3/6/2022
PRD#_10046,Black Urad Dal,SUP_117,PCAT_10014, 1 kg, ?135,3/1/2020,7/21/2022
PRD#_10069,Chana Besan (Gram Flour),SUP_113,PCAT_10014, 1 kg, ?90,3/23/2020,5/23/2022
PRD#_10070,Chana Dal,SUP_123,PCAT_10014, 1 kg, ?110,7/11/2020,2/19/2022
PRD#_10071,Chana Dal,SUP_121,PCAT_10014, 1 kg, ?120,8/31/2020,5/24/2022
PRD#_10072,Chana Dal,SUP_105,PCAT_10014, 1 kg, ?115,4/28/2020,2/25/2022
PRD#_10073,Chana Dal,SUP_116,PCAT_10014, 1 kg, ?120,6/2/2020,10/18/2022
PRD#_10079,Chickpeas (Kabuli Chana),SUP_120,PCAT_10014, 1 kg, ?140,11/14/2020,7/11/2022
PRD#_10107,Dal Makhani Mix,SUP_116,PCAT_10014, 500 g, ?160,7/13/2020,6/2/2022
PRD#_10113,Desi Chana (Brown Chickpeas),SUP_115,PCAT_10014, 1 kg, ?130,3/15/2020,10/9/2022
PRD#_10265,Green Gram Whole,SUP_104,PCAT_10014, 1 kg, ?125,11/16/2020,11/21/2022
PRD#_10266,Green Gram Whole (Moong Whole),SUP_122,PCAT_10014, 1 kg, ?135,1/2/2020,10/11/2022
PRD#_10268,Green Peas Dry,SUP_104,PCAT_10014, 1 kg, ?100,1/7/2020,3/25/2022
PRD#_10269,Green Peas Dry,SUP_111,PCAT_10014, 1 kg, ?100,10/4/2020,12/13/2022
PRD#_10325,Horse Gram (Kulthi Dal),SUP_109,PCAT_10014, 1 kg, ?115,5/7/2020,10/5/2022
PRD#_10346,Kabuli Chana,SUP_103,PCAT_10014, 1 kg, ?135,5/17/2020,11/10/2022
PRD#_10347,Kabuli Chana,SUP_106,PCAT_10014, 1 kg, ?145,2/27/2020,7/14/2022
PRD#_10405,Masoor Dal,SUP_115,PCAT_10014, 1 kg, ?120,7/2/2020,1/8/2022
PRD#_10406,Masoor Dal,SUP_113,PCAT_10014, 1 kg, ?125,2/9/2020,4/22/2022
PRD#_10407,Masoor Dal Whole,SUP_127,PCAT_10014, 1 kg, ?130,2/13/2020,3/1/2022
PRD#_10408,Masoor Dal Whole,SUP_108,PCAT_10014, 1 kg, ?120,4/25/2020,8/18/2022
PRD#_10409,Masoor Whole Dal,SUP_113,PCAT_10014, 1 kg, ?120,11/29/2020,3/13/2022
PRD#_10422,Moong Dal,SUP_113,PCAT_10014, 1 kg, ?130,8/23/2020,3/24/2022
PRD#_10423,Moong Dal Chilka,SUP_124,PCAT_10014, 1 kg, ?125,8/20/2020,8/14/2022
PRD#_10424,Moong Dal Chilka,SUP_104,PCAT_10014, 1 kg, ?130,5/21/2020,9/24/2022
PRD#_10425,Moong Dal Oily,SUP_105,PCAT_10014, 1 kg, ?130,11/18/2020,3/13/2022
PRD#_10426,Moong Dal Split,SUP_106,PCAT_10014, 1 kg, ?130,9/13/2020,6/4/2022
PRD#_10427,Moong Dal Split,SUP_107,PCAT_10014, 1 kg, ?135,3/21/2020,7/11/2022
PRD#_10428,Moong Whole,SUP_119,PCAT_10014, 1 kg, ?125,4/3/2020,10/31/2022
PRD#_10460,Organic Chana Dal,SUP_113,PCAT_10014, 1 kg, ?115,8/9/2020,4/12/2022
PRD#_10461,Organic Chana Dal,SUP_123,PCAT_10014, 1 kg, ?115,10/1/2020,2/24/2022
PRD#_10470,Organic Kabuli Chana,SUP_113,PCAT_10014, 1 kg, ?140,9/29/2020,8/1/2022
PRD#_10471,Organic Kabuli Chana,SUP_127,PCAT_10014, 1 kg, ?145,7/18/2020,12/22/2022
PRD#_10477,Organic Masoor Dal,SUP_103,PCAT_10014, 1 kg, ?125,2/10/2020,10/30/2022
PRD#_10478,Organic Masoor Dal,SUP_111,PCAT_10014, 1 kg, ?125,8/16/2020,4/3/2022
PRD#_10483,Organic Moong Dal,SUP_104,PCAT_10014, 1 kg, ?135,11/9/2020,9/12/2022
PRD#_10484,Organic Moong Dal,SUP_114,PCAT_10014, 1 kg, ?130,12/12/2020,12/11/2022
PRD#_10489,Organic Rajma Jammu,SUP_116,PCAT_10014, 1 kg, ?160,3/27/2020,3/4/2022
PRD#_10490,Organic Rajma Red,SUP_107,PCAT_10014, 1 kg, ?155,11/19/2020,3/7/2022
PRD#_10498,Organic Toor Dal,SUP_123,PCAT_10014, 1 kg, ?145,6/14/2020,6/7/2022
PRD#_10499,Organic Toor Dal,SUP_123,PCAT_10014, 1 kg, ?140,5/13/2020,10/27/2022
PRD#_10500,Organic Urad Dal Split,SUP_114,PCAT_10014, 1 kg, ?130,11/7/2020,11/7/2022
PRD#_10501,Organic Urad Dal Whole,SUP_110,PCAT_10014, 1 kg, ?140,3/22/2020,6/11/2022
PRD#_10550,Rajma Chitra,SUP_101,PCAT_10014, 1 kg, ?160,1/25/2020,10/18/2022
PRD#_10551,Rajma Chitra,SUP_107,PCAT_10014, 1 kg, ?165,6/3/2020,5/17/2022
PRD#_10552,Rajma Jammu,SUP_110,PCAT_10014, 1 kg, ?160,1/25/2020,8/11/2022
PRD#_10553,Rajma Red,SUP_103,PCAT_10014, 1 kg, ?150,1/27/2020,12/16/2022
PRD#_10554,Rajma Red,SUP_111,PCAT_10014, 1 kg, ?155,8/4/2020,3/4/2022
PRD#_10629,Toor Dal,SUP_107,PCAT_10014, 1 kg, ?140,2/13/2020,4/2/2022
PRD#_10630,Toor Dal,SUP_111,PCAT_10014, 1 kg, ?150,5/9/2020,12/7/2022
PRD#_10631,Toor Dal,SUP_121,PCAT_10014, 1 kg, ?135,8/5/2020,11/28/2022
PRD#_10632,Toor Dal,SUP_123,PCAT_10014, 1 kg, ?145,4/10/2020,9/11/2022
PRD#_10633,Toor Dal Oily,SUP_107,PCAT_10014, 1 kg, ?140,12/14/2020,11/3/2022
PRD#_10638,Urad Dal Chilka,SUP_123,PCAT_10014, 1 kg, ?130,9/10/2020,1/2/2022
PRD#_10639,Urad Dal Split,SUP_112,PCAT_10014, 1 kg, ?125,6/16/2020,12/21/2022
PRD#_10640,Urad Dal Split,SUP_101,PCAT_10014, 1 kg, ?140,12/27/2020,5/3/2022
PRD#_10641,Urad Whole,SUP_105,PCAT_10014, 1 kg, ?130,7/30/2020,7/10/2022
PRD#_10642,Urad Whole,SUP_110,PCAT_10014, 1 kg, ?135,3/23/2020,4/13/2022
PRD#_10650,White Lobia,SUP_110,PCAT_10014, 1 kg, ?110,3/17/2020,5/17/2022
PRD#_10651,White Lobia (Black Eyed Beans),SUP_118,PCAT_10014, 1 kg, ?120,3/12/2020,4/7/2022
PRD#_10652,White Lobia (Black Eyed Beans),SUP_107,PCAT_10014, 1 kg, ?120,8/2/2020,1/15/2022
PRD#_10653,White Peas,SUP_118,PCAT_10014, 1 kg, ?105,6/1/2020,11/6/2022
PRD#_10654,Whole Urad Dal,SUP_107,PCAT_10014, 1 kg, ?140,6/1/2020,2/26/2022
PRD#_10659,Yellow Moong Dal,SUP_119,PCAT_10014, 1 kg, ?140,5/22/2020,6/24/2022
PRD#_10660,Yellow Moong Dal,SUP_118,PCAT_10014, 1 kg, ?140,7/6/2020,4/30/2022
PRD#_10013,Ambemohar Rice,SUP_108,PCAT_10017, 1 kg, ?120,7/17/2020,4/17/2022
PRD#_10030,Bamboo Rice,SUP_126,PCAT_10017, 1 kg, ?250,4/17/2020,3/7/2022
PRD#_10034,Basmati Rice,SUP_121,PCAT_10017, 1 kg, ?120,9/7/2020,3/11/2022
PRD#_10045,Black Rice,SUP_127,PCAT_10017, 1 kg, ?180,9/19/2020,3/16/2022
PRD#_10053,Broken Rice,SUP_106,PCAT_10017, 1 kg, ?40,3/9/2020,6/2/2022
PRD#_10054,Brown Rice,SUP_127,PCAT_10017, 1 kg, ?90,3/30/2020,1/29/2022
PRD#_10256,Gobindobhog Rice,SUP_106,PCAT_10017, 1 kg, ?130,12/23/2020,3/25/2022
PRD#_10311,Hand Pounded Rice,SUP_118,PCAT_10017, 1 kg, ?120,3/22/2020,12/31/2022
PRD#_10330,Idli Rice,SUP_121,PCAT_10017, 1 kg, ?55,1/11/2020,2/27/2022
PRD#_10334,Indrayani Rice,SUP_110,PCAT_10017, 1 kg, ?100,3/9/2020,12/14/2022
PRD#_10339,Jasmine Rice,SUP_103,PCAT_10017, 1 kg, ?150,8/14/2020,5/10/2022
PRD#_10340,Jeerakasala Rice,SUP_114,PCAT_10017, 1 kg, ?110,9/27/2020,10/1/2022
PRD#_10349,Kalanamak Rice,SUP_107,PCAT_10017, 1 kg, ?180,10/11/2020,12/10/2022
PRD#_10359,Kichili Samba Rice,SUP_116,PCAT_10017, 1 kg, ?130,4/7/2020,4/15/2022
PRD#_10362,Kolam Rice,SUP_106,PCAT_10017, 1 kg, ?80,4/9/2020,7/21/2022
PRD#_10393,Mapillai Samba Rice,SUP_105,PCAT_10017, 1 kg, ?150,4/25/2020,3/11/2022
PRD#_10410,Matta Rice,SUP_113,PCAT_10017, 1 kg, ?65,2/19/2020,6/1/2022
PRD#_10418,Mogra Basmati Rice,SUP_115,PCAT_10017, 1 kg, ?90,11/19/2020,7/5/2022
PRD#_10452,Organic Ambemohar Rice,SUP_106,PCAT_10017, 1 kg, ?130,3/19/2020,1/18/2022
PRD#_10453,Organic Ambemohar Rice,SUP_117,PCAT_10017, 1 kg, ?140,11/5/2020,6/23/2022
PRD#_10454,Organic Bamboo Rice,SUP_104,PCAT_10017, 1 kg, ?260,4/13/2020,7/5/2022
PRD#_10455,Organic Basmati Rice,SUP_109,PCAT_10017, 1 kg, ?150,4/26/2020,4/5/2022
PRD#_10456,Organic Black Rice,SUP_125,PCAT_10017, 1 kg, ?190,8/17/2020,1/31/2022
PRD#_10457,Organic Broken Rice,SUP_110,PCAT_10017, 1 kg, ?50,9/7/2020,3/28/2022
PRD#_10458,Organic Broken Rice,SUP_123,PCAT_10017, 1 kg, ?60,6/13/2020,10/28/2022
PRD#_10459,Organic Brown Basmati Rice,SUP_118,PCAT_10017, 1 kg, ?160,1/18/2020,6/28/2022
PRD#_10462,Organic Gobindobhog Rice,SUP_114,PCAT_10017, 1 kg, ?140,6/12/2020,7/8/2022
PRD#_10463,Organic Hand Pounded Rice,SUP_107,PCAT_10017, 1 kg, ?130,1/22/2020,4/30/2022
PRD#_10464,Organic Idli Rice,SUP_110,PCAT_10017, 1 kg, ?115,12/15/2020,7/31/2022
PRD#_10465,Organic Indrayani Rice,SUP_106,PCAT_10017, 1 kg, ?110,6/27/2020,7/1/2022
PRD#_10466,Organic Indrayani Rice,SUP_126,PCAT_10017, 1 kg, ?120,6/7/2020,9/16/2022
PRD#_10467,Organic Jasmine Rice,SUP_113,PCAT_10017, 1 kg, ?160,9/3/2020,1/8/2022
PRD#_10468,Organic Jeerakasala Rice,SUP_110,PCAT_10017, 1 kg, ?130,12/28/2020,3/31/2022
PRD#_10469,Organic Jeerakasala Rice,SUP_109,PCAT_10017, 1 kg, ?140,11/25/2020,1/11/2022
PRD#_10472,Organic Kalanamak Rice,SUP_105,PCAT_10017, 1 kg, ?190,8/1/2020,3/3/2022
PRD#_10473,Organic Kichili Samba Rice,SUP_106,PCAT_10017, 1 kg, ?140,4/25/2020,1/15/2022
PRD#_10474,Organic Kolam Rice,SUP_106,PCAT_10017, 1 kg, ?90,3/30/2020,11/25/2022
PRD#_10475,Organic Kolam Rice,SUP_106,PCAT_10017, 1 kg, ?100,5/14/2020,1/12/2022
PRD#_10476,Organic Mapillai Samba Rice,SUP_112,PCAT_10017, 1 kg, ?160,5/22/2020,5/21/2022
PRD#_10479,Organic Matta Rice,SUP_120,PCAT_10017, 1 kg, ?120,2/27/2020,6/10/2022
PRD#_10480,Organic Matta Rice,SUP_121,PCAT_10017, 1 kg, ?130,2/19/2020,5/11/2022
PRD#_10481,Organic Mogra Basmati Rice,SUP_123,PCAT_10017, 1 kg, ?100,1/29/2020,8/27/2022
PRD#_10482,Organic Mogra Basmati Rice,SUP_123,PCAT_10017, 1 kg, ?110,6/10/2020,8/31/2022
PRD#_10485,Organic Parboiled Rice,SUP_123,PCAT_10017, 1 kg, ?60,7/4/2020,7/29/2022
PRD#_10486,Organic Parboiled Rice,SUP_108,PCAT_10017, 1 kg, ?70,4/8/2020,6/18/2022
PRD#_10487,Organic Ponni Rice,SUP_103,PCAT_10017, 1 kg, ?110,3/27/2020,6/23/2022
PRD#_10488,Organic Rajamudi Rice,SUP_116,PCAT_10017, 1 kg, ?110,5/6/2020,8/17/2022
PRD#_10491,Organic Red Matta Rice,SUP_123,PCAT_10017, 1 kg, ?150,10/17/2020,12/5/2022
PRD#_10492,Organic Red Rice,SUP_113,PCAT_10017, 1 kg, ?140,6/29/2020,1/22/2022
PRD#_10493,Organic Seeraga Samba Rice,SUP_112,PCAT_10017, 1 kg, ?150,2/12/2020,9/8/2022
PRD#_10494,Organic Sona Masoori Rice,SUP_123,PCAT_10017, 1 kg, ?100,11/6/2020,5/28/2022
PRD#_10495,Organic Sticky Rice,SUP_104,PCAT_10017, 1 kg, ?210,1/4/2020,5/4/2022
PRD#_10496,Organic Sticky Rice,SUP_120,PCAT_10017, 1 kg, ?220,8/14/2020,1/10/2022
PRD#_10497,Organic Thanjavur Ponni Rice,SUP_110,PCAT_10017, 1 kg, ?80,1/29/2020,4/5/2022
PRD#_10502,Organic White Basmati Rice,SUP_111,PCAT_10017, 1 kg, ?170,1/17/2020,9/24/2022
PRD#_10503,Organic Wild Rice,SUP_101,PCAT_10017, 500 g, ?260,7/23/2020,8/19/2022
PRD#_10504,Organic Wild Rice,SUP_126,PCAT_10017, 500 g, ?270,3/9/2020,5/22/2022
PRD#_10510,Parboiled Rice,SUP_101,PCAT_10017, 1 kg, ?50,4/23/2020,2/2/2022
PRD#_10536,Ponni Boiled Rice,SUP_125,PCAT_10017, 1 kg, ?50,6/5/2020,11/10/2022
PRD#_10548,Rajamudi Rice,SUP_112,PCAT_10017, 1 kg, ?100,2/11/2020,1/19/2022
PRD#_10559,Red Matta Rice,SUP_101,PCAT_10017, 1 kg, ?70,4/27/2020,1/17/2022
PRD#_10579,Seeraga Samba Rice,SUP_123,PCAT_10017, 1 kg, ?140,3/10/2020,9/9/2022
PRD#_10587,Sona Masoori Rice,SUP_118,PCAT_10017, 1 kg, ?60,12/23/2020,3/8/2022
PRD#_10595,Sticky Rice,SUP_104,PCAT_10017, 1 kg, ?200,2/21/2020,4/27/2022
PRD#_10621,Thanjavur Ponni Rice,SUP_113,PCAT_10017, 1 kg, ?70,8/31/2020,12/19/2022
PRD#_10655,Wild Rice,SUP_121,PCAT_10017, 500 g, ?250,3/31/2020,9/13/2022
PRD#_10780,Keya Oregano Seasoning,SUP_110,PCAT_10019, 50g, ?120,8/18/2020,12/26/2022
PRD#_10781,Catch Peri Peri Seasoning,SUP_115,PCAT_10019, 100g, ?130,11/29/2020,12/28/2022
PRD#_10782,Everest Chaat Masala,SUP_125,PCAT_10019, 100g, ?75,10/20/2020,11/13/2022
PRD#_10783,Tata Sampann Black Salt,SUP_103,PCAT_10019, 200g, ?50,2/15/2020,1/28/2022
PRD#_10784,MDH Pav Bhaji Masala,SUP_113,PCAT_10019, 100g, ?80,6/16/2020,8/23/2022
PRD#_10785,Keya Chilli Flakes,SUP_102,PCAT_10019, 50g, ?100,12/4/2020,5/2/2022
PRD#_10786,Catch Pink Himalayan Salt,SUP_112,PCAT_10019, 500g, ?120,3/3/2020,9/15/2022
PRD#_10787,Orika Italian Herbs Mix,SUP_116,PCAT_10019, 50g, ?140,8/9/2020,12/9/2022
PRD#_10788,Eastern Jaljeera Powder,SUP_108,PCAT_10019, 100g, ?60,4/4/2020,8/28/2022
PRD#_10789,Goldiee White Pepper Powder,SUP_119,PCAT_10019, 100g, ?180,7/16/2020,2/20/2022
PRD#_10790,MTR Rasam Powder,SUP_107,PCAT_10019, 100g, ?75,11/9/2020,12/2/2022
PRD#_10791,Badshah Chana Masala,SUP_109,PCAT_10019, 100g, ?85,10/20/2020,6/11/2022
PRD#_10792,Everest Pizza Seasoning,SUP_127,PCAT_10019, 50g, ?120,8/23/2020,5/24/2022
PRD#_10793,MDH Kitchen King Masala,SUP_123,PCAT_10019, 100g, ?85,3/24/2020,2/18/2022
PRD#_10794,Catch Garlic Powder,SUP_121,PCAT_10019, 100g, ?110,7/9/2020,12/14/2022
PRD#_10795,Tata Sampann Kasuri Methi,SUP_102,PCAT_10019, 50g, ?60,7/22/2020,10/25/2022
PRD#_10796,Keya Mixed Italian Herbs,SUP_117,PCAT_10019, 50g, ?110,8/9/2020,11/22/2022
PRD#_10797,Eastern Sambar Powder,SUP_104,PCAT_10019, 100g, ?80,3/31/2020,9/13/2022
PRD#_10798,Everest Pasta Masala,SUP_101,PCAT_10019, 50g, ?100,9/13/2020,12/31/2022
PRD#_10799,MDH Rajma Masala,SUP_124,PCAT_10019, 100g, ?85,4/1/2020,7/26/2022
PRD#_10800,Catch Black Salt,SUP_106,PCAT_10019, 200g, ?45,1/1/2020,12/1/2022
PRD#_10801,Aashirvaad Nutmeg Powder,SUP_109,PCAT_10019, 50g, ?160,12/28/2020,2/3/2022
PRD#_10802,Tata Sampann Fennel Seeds,SUP_112,PCAT_10019, 100g, ?70,8/9/2020,2/7/2022
PRD#_10803,Keya Basil Leaves,SUP_102,PCAT_10019, 50g, ?100,12/25/2020,10/7/2022
PRD#_10804,Everest Pani Puri Masala,SUP_110,PCAT_10019, 100g, ?50,7/2/2020,7/10/2022
PRD#_10805,MDH Achari Masala,SUP_106,PCAT_10019, 100g, ?85,10/16/2020,11/14/2022
PRD#_10806,Catch Ajwain (Carom Seeds),SUP_105,PCAT_10019, 100g, ?55,7/16/2020,7/11/2022
PRD#_10807,Orika Saffron (Kesar),SUP_124,PCAT_10019, 1g, ?350,4/8/2020,9/24/2022
PRD#_10808,Eastern Meat Masala,SUP_101,PCAT_10019, 100g, ?80,6/11/2020,10/10/2022
PRD#_10809,Goldiee Biryani Masala,SUP_110,PCAT_10019, 100g, ?90,10/10/2020,11/23/2022
PRD#_10810,Everest Kanda Lasun Masala,SUP_105,PCAT_10019, 100g, ?100,11/2/2020,12/16/2022
PRD#_10811,MDH Dahi Vada Raita Masala,SUP_111,PCAT_10019, 100g, ?85,5/23/2020,1/16/2022
PRD#_10812,Tata Sampann Cinnamon Powder,SUP_103,PCAT_10019, 100g, ?120,8/27/2020,12/22/2022
PRD#_10813,Catch Cardamom Powder,SUP_121,PCAT_10019, 50g, ?300,9/4/2020,5/20/2022
PRD#_10814,Keya Thyme Leaves,SUP_106,PCAT_10019, 50g, ?100,10/13/2020,10/20/2022
PRD#_10815,Eastern Malabar Garam Masala,SUP_124,PCAT_10019, 100g, ?100,10/26/2020,10/18/2022
PRD#_10816,MDH Shahi Paneer Masala,SUP_103,PCAT_10019, 100g, ?90,8/13/2020,4/14/2022
PRD#_10817,Tata Sampann Star Anise,SUP_126,PCAT_10019, 50g, ?250,5/2/2020,1/31/2022
PRD#_10818,Everest White Pepper Powder,SUP_118,PCAT_10019, 100g, ?200,2/13/2020,6/4/2022
PRD#_10819,Keya Pizza & Pasta Seasoning,SUP_106,PCAT_10019, 50g, ?130,1/29/2020,11/17/2022
PRD#_10820,Catch Peri Peri Masala,SUP_124,PCAT_10019, 100g, ?140,4/11/2020,12/18/2022
PRD#_10821,MTR Madras Curry Powder,SUP_116,PCAT_10019, 100g, ?85,4/9/2020,3/21/2022
PRD#_10822,Goldiee Mustard Powder,SUP_104,PCAT_10019, 100g, ?75,2/5/2020,6/18/2022
PRD#_10823,MDH Sambhar Masala,SUP_109,PCAT_10019, 100g, ?85,4/6/2020,3/18/2022
PRD#_10824,Everest Mexican Seasoning,SUP_127,PCAT_10019, 50g, ?110,7/20/2020,11/15/2022
PRD#_10825,Tata Sampann Dry Ginger Powder,SUP_111,PCAT_10019, 100g, ?140,12/25/2020,5/9/2022
PRD#_10826,Eastern Chicken Masala,SUP_108,PCAT_10019, 100g, ?80,8/28/2020,7/17/2022
PRD#_10827,Keya Parsley Flakes,SUP_111,PCAT_10019, 50g, ?90,7/22/2020,6/8/2022
PRD#_10828,Catch Bay Leaves (Tej Patta),SUP_115,PCAT_10019, 50g, ?50,6/22/2020,12/14/2022
PRD#_10829,MDH Dhania Powder,SUP_102,PCAT_10019, 200g, ?90,11/12/2020,9/21/2022
PRD#_10830,Tata Sampann Mace (Javitri),SUP_103,PCAT_10019, 50g, ?400,11/4/2020,7/11/2022
PRD#_10831,Catch Jeera (Cumin Seeds),SUP_125,PCAT_10019, 100g, ?90,10/25/2020,3/28/2022
PRD#_10832,Everest Chinese Masala,SUP_116,PCAT_10019, 100g, ?100,10/6/2020,2/13/2022
PRD#_10833,Keya Lemon Herb Seasoning,SUP_102,PCAT_10019, 50g, ?110,6/12/2020,11/24/2022
PRD#_10834,MTR Puliyodarai Powder,SUP_109,PCAT_10019, 100g, ?80,9/16/2020,8/5/2022
PRD#_10835,Goldiee Pani Puri Masala,SUP_116,PCAT_10019, 100g, ?70,10/4/2020,4/17/2022
PRD#_10836,Orika Mixed Seasoning,SUP_106,PCAT_10019, 100g, ?150,7/21/2020,3/12/2022
PRD#_10837,MDH Chaat Masala,SUP_110,PCAT_10019, 100g, ?90,2/3/2020,10/22/2022
PRD#_10838,Tata Sampann Clove Powder,SUP_123,PCAT_10019, 50g, ?250,7/11/2020,9/1/2022
PRD#_10839,Everest Italian Herbs,SUP_106,PCAT_10019, 50g, ?120,6/30/2020,11/12/2022
PRD#_10840,Catch Punjabi Garam Masala,SUP_116,PCAT_10019, 100g, ?95,9/19/2020,5/17/2022
PRD#_10841,Keya BBQ Spice Mix,SUP_114,PCAT_10019, 50g, ?140,3/22/2020,3/15/2022
PRD#_10842,MDH Tandoori Chicken Masala,SUP_114,PCAT_10019, 100g, ?95,11/6/2020,12/6/2022
PRD#_10843,Everest Smoky Tikka Masala,SUP_115,PCAT_10019, 100g, ?120,5/29/2020,3/10/2022
PRD#_10844,Tata Sampann Rock Salt,SUP_121,PCAT_10019, 200g, ?60,4/24/2020,7/31/2022
PRD#_10845,Catch Kasoori Methi,SUP_115,PCAT_10019, 50g, ?70,9/23/2020,5/23/2022
PRD#_10846,MDH Curry Masala,SUP_112,PCAT_10019, 100g, ?90,9/5/2020,4/7/2022
PRD#_10847,Everest Chilli Garlic Seasoning,SUP_109,PCAT_10019, 50g, ?120,1/22/2020,1/28/2022
PRD#_10848,Eastern Fish Masala,SUP_124,PCAT_10019, 100g, ?80,9/16/2020,5/30/2022
PRD#_10849,Keya Smoked Paprika,SUP_102,PCAT_10019, 50g, ?140,4/7/2020,2/18/2022
PRD#_10002,Aero Peppermint Chocolate Bar,SUP_115,PCAT_10021, 36 g,1,3/13/2020,11/17/2022
PRD#_10007,Aloo Bhujia,SUP_104,PCAT_10021, 200 g, ?50,12/29/2020,11/23/2022
PRD#_10008,Aloo Bhujia,SUP_117,PCAT_10021, 200 g, ?50,10/15/2020,5/21/2022
PRD#_10012,Amaretti di Saronno Cookies,SUP_119,PCAT_10021, 200 g,7,12/11/2020,10/6/2022
PRD#_10014,American Style Cream & Onion Chips,SUP_124,PCAT_10021, 52 g, ?20,12/15/2020,7/3/2022
PRD#_10023,Baby Spicy Murukku,SUP_105,PCAT_10021, 200 g,2,1/13/2020,7/1/2022
PRD#_10025,Baked Bhakarwadi,SUP_116,PCAT_10021, 250 g, ?110,12/16/2020,9/11/2022
PRD#_10028,Baklava Assorted Pastries,SUP_123,PCAT_10021, 500 g,19,4/1/2020,3/23/2022
PRD#_10033,Banana Salted Chips,SUP_119,PCAT_10021, 400 g,3,4/24/2020,12/26/2022
PRD#_10038,Bikaneri Bhujia,SUP_115,PCAT_10021, 200 g, ?50,3/5/2020,1/30/2022
PRD#_10048,Bombay Mixture,SUP_123,PCAT_10021, 100 g, ?64,3/6/2020,5/30/2022
PRD#_10049,Bounty Coconut Chocolate Bar,SUP_120,PCAT_10021, 57 g,1,7/18/2020,12/25/2022
PRD#_10057,Cadbury Dairy Milk Chocolate Bar,SUP_117,PCAT_10021, 100 g,2,9/8/2020,4/20/2022
PRD#_10065,Cannoli Siciliani,SUP_111,PCAT_10021, 300 g,15,1/26/2020,2/3/2022
PRD#_10074,Cheese Dosa Khakra,SUP_101,PCAT_10021, 100 g, ?120,5/30/2020,11/28/2022
PRD#_10076,Cheetos Crunchy Cheese Snacks,SUP_112,PCAT_10021, 226 g,3,11/20/2020,4/11/2022
PRD#_10077,Chettinad Coconut Milk Thenkuzhal Muruku,SUP_120,PCAT_10021, 100 g, ?82,6/18/2020,5/12/2022
PRD#_10080,Chili Limon Chips,SUP_109,PCAT_10021, 52 g, ?20,9/29/2020,12/7/2022
PRD#_10081,Chilli Chatka,SUP_111,PCAT_10021, 90 g, ?20,4/22/2020,2/6/2022
PRD#_10087,Classic Omapodi,SUP_114,PCAT_10021, 125 g, ?64,10/16/2020,8/27/2022
PRD#_10088,Classic Salted Chips,SUP_127,PCAT_10021, 52 g, ?20,9/19/2020,7/31/2022
PRD#_10089,Classic Salted Chips,SUP_115,PCAT_10021, 50 g, ?20,12/25/2020,6/3/2022
PRD#_10090,Classic Salted Chips,SUP_118,PCAT_10021, 50 g, ?20,9/1/2020,12/14/2022
PRD#_10091,Cocktail Nuts,SUP_111,PCAT_10021, 200 g, ?80,8/4/2020,3/14/2022
PRD#_10100,Cream & Onion Chips,SUP_118,PCAT_10021, 50 g, ?20,1/22/2020,12/24/2022
PRD#_10101,Cream & Onion Chips,SUP_122,PCAT_10021, 50 g, ?20,8/1/2020,12/14/2022
PRD#_10102,Crunchie Honeycomb Chocolate Bar,SUP_110,PCAT_10021, 40 g,1,10/31/2020,3/3/2022
PRD#_10103,Curly Wurly Chocolate Bar,SUP_104,PCAT_10021, 26 g,1,5/24/2020,8/6/2022
PRD#_10106,Daim Chocolate Bars,SUP_106,PCAT_10021, 56 g,1,7/16/2020,1/11/2022
PRD#_10114,Desi Masala Ragi Chips,SUP_104,PCAT_10021, 55 g, ?50,2/21/2020,10/1/2022
PRD#_10117,Digestive Biscuits,SUP_115,PCAT_10021, 400 g,4,4/10/2020,6/22/2022
PRD#_10118,Doritos Nacho Cheese Tortilla Chips,SUP_127,PCAT_10021, 198 g,3,3/4/2020,8/20/2022
PRD#_10119,Double Decker Chocolate Bar,SUP_118,PCAT_10021,54,5 g,5/21/2020,8/9/2022
PRD#_10166,Ferrero Rocher Fine Hazelnut Chocolates,SUP_118,PCAT_10021, 200 g,10,8/15/2020,5/24/2022
PRD#_10170,Flake Chocolate Bar,SUP_124,PCAT_10021, 32 g,1,1/4/2020,11/17/2022
PRD#_10264,Green Chutney Rajasthani Style,SUP_113,PCAT_10021, 90 g, ?20,9/2/2020,11/9/2022
PRD#_10310,Halva Pistachio,SUP_109,PCAT_10021, 454 g,8,2/20/2020,7/4/2022
PRD#_10312,Haribo Goldbears Gummi Candy,SUP_103,PCAT_10021, 100 g,1,5/20/2020,6/4/2022
PRD#_10318,Hello Panda Chocolate Filled Biscuits,SUP_101,PCAT_10021, 57 g,1,6/17/2020,4/4/2022
PRD#_10322,Hi-Chew Assorted Fruit Chews,SUP_121,PCAT_10021, 100 g,2,6/7/2020,2/4/2022
PRD#_10328,Hyderabadi Hungama,SUP_108,PCAT_10021, 90 g, ?20,10/9/2020,7/12/2022
PRD#_10332,Indian Puffed Rice,SUP_111,PCAT_10021, 454 g,2,9/20/2020,10/3/2022
PRD#_10333,India's Magic Masala Chips,SUP_108,PCAT_10021, 52 g, ?20,2/26/2020,1/26/2022
PRD#_10337,Jaffa Cakes,SUP_115,PCAT_10021, 122 g, £1,5/26/2020,8/30/2022
PRD#_10341,Jelly Babies,SUP_120,PCAT_10021, 190 g,3,6/30/2020,6/6/2022
PRD#_10350,Kanelbullar Swedish Cinnamon Buns,SUP_116,PCAT_10021, 420 g,6,12/7/2020,12/8/2022
PRD#_10352,Kerala Authentic Tapioca Chips,SUP_108,PCAT_10021, 100 g, ?64,12/10/2020,7/17/2022
PRD#_10353,Kerala Jackfruit Chips,SUP_124,PCAT_10021, 100 g, ?95,10/19/2020,6/6/2022
PRD#_10354,Kerala Sarkara Nendran Banana Upperi,SUP_121,PCAT_10021, 100 g, ?80,11/9/2020,10/26/2022
PRD#_10355,Kettle Brand Sea Salt Potato Chips,SUP_109,PCAT_10021, 220 g,3,11/19/2020,1/5/2022
PRD#_10357,Khatta Meetha,SUP_101,PCAT_10021, 200 g, ?50,2/7/2020,6/22/2022
PRD#_10358,Khatta Meetha Mixture,SUP_105,PCAT_10021, 200 g, ?50,8/2/2020,8/2/2022
PRD#_10360,Kit Kat Milk Chocolate Wafer Bars,SUP_126,PCAT_10021, 42 g,1,7/10/2020,3/23/2022
PRD#_10361,Koala's March Chocolate Filled Cookies,SUP_113,PCAT_10021, 37 g,1,12/23/2020,5/21/2022
PRD#_10366,Lebkuchen Gingerbread Cookies,SUP_103,PCAT_10021, 200 g,5,7/5/2020,8/15/2022
PRD#_10370,Licorice Allsorts,SUP_113,PCAT_10021, 190 g,3,6/1/2020,10/7/2022
PRD#_10375,Lindt Excellence 70% Cocoa Dark Chocolate,SUP_123,PCAT_10021, 100 g,3,12/30/2020,11/22/2022
PRD#_10376,Lion Chocolate Bar,SUP_120,PCAT_10021, 42 g,1,11/9/2020,1/20/2022
PRD#_10380,M&M's Milk Chocolate Candies,SUP_106,PCAT_10021, 42 g,1,3/15/2020,1/11/2022
PRD#_10381,Mad Angles (Chaat Masti),SUP_111,PCAT_10021, 50 g, ?20,2/8/2020,7/14/2022
PRD#_10382,Mad Angles (Masala Madness),SUP_107,PCAT_10021, 50 g, ?20,8/4/2020,10/11/2022
PRD#_10383,Mad Angles (Tomato Madness),SUP_116,PCAT_10021, 50 g, ?20,2/17/2020,10/2/2022
PRD#_10386,Maltesers Chocolate Malt Balls,SUP_114,PCAT_10021, 37 g,1,12/30/2020,1/15/2022
PRD#_10399,Marzipan Classic Bar,SUP_122,PCAT_10021, 100 g,6,3/13/2020,1/28/2022
PRD#_10400,Masala Bhujia,SUP_103,PCAT_10021, 200 g, ?50,9/14/2020,4/8/2022
PRD#_10401,Masala Masti Chips,SUP_108,PCAT_10021, 50 g, ?20,1/20/2020,2/17/2022
PRD#_10402,Masala Masti Chips,SUP_127,PCAT_10021, 50 g, ?20,12/14/2020,4/14/2022
PRD#_10403,Masala Munch,SUP_113,PCAT_10021, 30 g,1,1/23/2020,8/18/2022
PRD#_10404,Masala Munch,SUP_113,PCAT_10021, 90 g, ?20,12/16/2020,5/23/2022
PRD#_10411,Methi Khakhra,SUP_121,PCAT_10021, 200 g, ?80,7/23/2020,8/8/2022
PRD#_10412,Milka Alpine Milk Chocolate Bar,SUP_105,PCAT_10021, 100 g,2,4/21/2020,9/27/2022
PRD#_10417,Mochi Assorted Rice Cakes,SUP_102,PCAT_10021, 250 g,5,8/18/2020,11/14/2022
PRD#_10420,Moong Dal,SUP_126,PCAT_10021, 200 g, ?50,8/10/2020,4/12/2022
PRD#_10421,Moong Dal,SUP_118,PCAT_10021, 200 g, ?50,12/8/2020,11/21/2022
PRD#_10430,Mudalur Muscoth Alwa,SUP_111,PCAT_10021, 100 g, ?60,3/15/2020,1/28/2022
PRD#_10433,Nagercoil Nendran Chips (Classic Salt),SUP_126,PCAT_10021, 125 g, ?82,7/8/2020,12/29/2022
PRD#_10434,Nagercoil Nendran Chips (Pepper & Salt),SUP_110,PCAT_10021, 125 g, ?82,10/20/2020,10/21/2022
PRD#_10436,Navratan Mix,SUP_127,PCAT_10021, 200 g, ?50,6/14/2020,3/2/2022
PRD#_10437,Navratan Mix,SUP_112,PCAT_10021, 200 g, ?50,8/30/2020,7/2/2022
PRD#_10438,Nelakadale Laddu (Peanut Ball),SUP_108,PCAT_10021, 200 g,2,1/8/2020,3/27/2022
PRD#_10439,Nellai Ghee Karupatti Alwa (Palm Jaggery),SUP_103,PCAT_10021, 100 g, ?94,3/11/2020,6/26/2022
PRD#_10444,Nougat de Montélimar,SUP_103,PCAT_10021, 100 g,5,7/8/2020,4/1/2022
PRD#_10451,Oreo Original Chocolate Sandwich Cookies,SUP_127,PCAT_10021, 154 g,2,6/6/2020,2/25/2022
PRD#_10505,Original Srivilliputtur Milk Alwa,SUP_126,PCAT_10021, 150 g, ?99,7/24/2020,9/4/2022
PRD#_10507,Panettone Classic Italian Cake,SUP_107,PCAT_10021, 500 g,12,10/17/2020,3/4/2022
PRD#_10522,Peanut (Verkadalai) Laddu,SUP_113,PCAT_10021, 200 g, ?99,4/5/2020,3/5/2022
PRD#_10524,Peanut Gud Chikki,SUP_114,PCAT_10021, 200 g, ?110,4/20/2020,1/6/2022
PRD#_10527,Peri Peri Chips,SUP_101,PCAT_10021, 50 g, ?20,4/27/2020,3/3/2022
PRD#_10528,Peri Peri Ragi Chips,SUP_114,PCAT_10021, 55 g, ?50,7/2/2020,11/13/2022
PRD#_10530,Pfeffernüsse Iced Gingerbread Cookies,SUP_104,PCAT_10021, 200 g,4,8/28/2020,12/9/2022
PRD#_10535,Pocky Chocolate Cream Covered Biscuit Sticks,SUP_112,PCAT_10021, 70 g,1,10/26/2020,6/3/2022
PRD#_10539,Pringles Original Potato Crisps,SUP_125,PCAT_10021, 149 g,1,1/28/2020,7/5/2022
PRD#_10544,Punjabi Tadka,SUP_109,PCAT_10021, 200 g, ?50,6/12/2020,4/18/2022
PRD#_10545,Punjabi Tadka,SUP_127,PCAT_10021, 200 g, ?50,4/27/2020,11/15/2022
PRD#_10563,Reese's Peanut Butter Cups,SUP_103,PCAT_10021, 51 g,1,6/27/2020,1/29/2022
PRD#_10568,Rice Crackers with Seaweed,SUP_116,PCAT_10021, 150 g,3,12/18/2020,10/7/2022
PRD#_10569,Ritz Crackers Original,SUP_119,PCAT_10021, 200 g,2,4/28/2020,3/20/2022
PRD#_10570,Roasted Moong Jor (Salted),SUP_110,PCAT_10021, 55 g, ?50,11/20/2020,1/1/2022
PRD#_10577,Sattur Kara Sev,SUP_120,PCAT_10021, 125 g, ?68,6/24/2020,11/30/2022
PRD#_10578,Seaweed Snack Original,SUP_119,PCAT_10021, 32 g,2,9/11/2020,8/6/2022
PRD#_10581,Sesame Snaps,SUP_114,PCAT_10021, 27 g,0,5/28/2020,5/25/2022
PRD#_10582,Shrimp Chips Original,SUP_106,PCAT_10021, 113 g,2,11/19/2020,8/26/2022
PRD#_10583,Skittles Original Fruit Candies,SUP_112,PCAT_10021, 61 g,1,10/22/2020,8/20/2022
PRD#_10584,Smarties Candy Coated Chocolate,SUP_120,PCAT_10021, 38 g,1,5/28/2020,10/26/2022
PRD#_10585,Snickers Chocolate Bar,SUP_123,PCAT_10021, 50 g,1,1/29/2020,9/11/2022
PRD#_10586,Solid Masti Twisteez,SUP_105,PCAT_10021, 90 g, ?20,4/8/2020,7/19/2022
PRD#_10589,Spanish Tomato Tango Chips,SUP_120,PCAT_10021, 52 g, ?20,7/12/2020,7/1/2022
PRD#_10590,Special Milagu (Pepper) Sev,SUP_118,PCAT_10021, 125 g, ?75,7/4/2020,6/26/2022
PRD#_10591,Speculoos Spiced Shortcrust Biscuits,SUP_122,PCAT_10021, 250 g,3,4/25/2020,6/16/2022
PRD#_10596,Stroopwafels Caramel Wafers,SUP_124,PCAT_10021, 290 g,4,9/30/2020,10/15/2022
PRD#_10615,Tandoori Roasted Peanuts,SUP_124,PCAT_10021, 200 g, ?70,9/15/2020,7/20/2022
PRD#_10616,Tangy Tomato Chips,SUP_118,PCAT_10021, 50 g, ?,1/6/2020,8/14/2022
PRD#_10619,Tedhe Medhe Achaari Masti,SUP_101,PCAT_10021, 50 g, ?20,2/16/2020,6/23/2022
PRD#_10620,Tedhe Medhe Masala Tadka,SUP_109,PCAT_10021, 50 g, ?20,9/18/2020,12/2/2022
PRD#_10622,Tikka Masala Coated Peanuts,SUP_126,PCAT_10021, 200 g, ?70,10/8/2020,12/1/2022
PRD#_10624,Tim Tam Original Chocolate Biscuits,SUP_104,PCAT_10021, 200 g,3,4/11/2020,11/14/2022
PRD#_10625,Toblerone Swiss Milk Chocolate with Honey & Almond Nougat,SUP_126,PCAT_10021, 100 g,2,6/6/2020,3/7/2022
PRD#_10627,Tomato Masti Chips,SUP_106,PCAT_10021, 50 g, ?20,12/12/2020,12/24/2022
PRD#_10634,Tunnock's Milk Chocolate Tea Cakes,SUP_111,PCAT_10021, 24 g, £0,4/16/2020,1/22/2022
PRD#_10635,Turkish Delight Rose Flavor,SUP_108,PCAT_10021, 454 g,12,3/31/2020,12/5/2022
PRD#_10636,Twix Caramel Chocolate Cookie Bars,SUP_124,PCAT_10021, 50 g,1,2/10/2020,8/31/2022
PRD#_10645,Walkers Ready Salted Potato Crisps,SUP_107,PCAT_10021,32,5 g,9/1/2020,8/16/2022
PRD#_10647,Wasabi Green Peas,SUP_120,PCAT_10021, 140 g,2,6/27/2020,11/6/2022
PRD#_10656,Wine Gums,SUP_110,PCAT_10021, 165 g,2,4/19/2020,8/12/2022
PRD#_10657,Yan Yan Strawberry Cream Dip Biscuit Sticks,SUP_113,PCAT_10021, 50 g,1,8/21/2020,4/23/2022
PRD#_10710,Aashirvaad Coriander Powder,SUP_111,PCAT_10022, 200g, ?75,12/5/2020,4/3/2022
PRD#_10711,Aashirvaad Cumin Seeds,SUP_124,PCAT_10022, 100g, ?90,8/4/2020,3/21/2022
PRD#_10712,Aashirvaad Curry Leaves Powder,SUP_125,PCAT_10022, 100g, ?70,1/23/2020,6/30/2022
PRD#_10713,Aashirvaad Nutmeg Powder,SUP_102,PCAT_10022, 50g, ?160,9/10/2020,5/3/2022
PRD#_10714,Badshah Biryani Pulav Masala,SUP_118,PCAT_10022, 100g, ?80,11/2/2020,3/25/2022
PRD#_10715,Badshah Chaat Masala,SUP_117,PCAT_10022, 100g, ?70,10/5/2020,8/13/2022
PRD#_10716,Catch Bay Leaves (Tej Patta),SUP_107,PCAT_10022, 50g, ?50,5/13/2020,3/12/2022
PRD#_10717,Catch Black Pepper Powder,SUP_102,PCAT_10022, 100g, ?90,11/17/2020,6/5/2022
PRD#_10718,Catch Cardamom (Elaichi),SUP_107,PCAT_10022, 50g, ?300,6/18/2020,2/14/2022
PRD#_10719,Catch Carom Seeds (Ajwain),SUP_117,PCAT_10022, 100g, ?50,4/11/2020,5/8/2022
PRD#_10720,Catch Cloves (Laung),SUP_105,PCAT_10022, 50g, ?190,1/15/2020,4/8/2022
PRD#_10721,Catch Cumin Powder,SUP_115,PCAT_10022, 100g, ?95,1/14/2020,11/17/2022
PRD#_10722,Catch Hing (Asafoetida),SUP_115,PCAT_10022, 50g, ?180,11/29/2020,3/7/2022
PRD#_10723,Catch Kasoori Methi,SUP_112,PCAT_10022, 50g, ?65,7/22/2020,12/20/2022
PRD#_10724,Catch Mustard Seeds,SUP_121,PCAT_10022, 100g, ?50,11/16/2020,11/14/2022
PRD#_10725,Catch Nutmeg Whole,SUP_118,PCAT_10022, 50g, ?180,4/11/2020,6/19/2022
PRD#_10726,Eastern Chicken Masala,SUP_101,PCAT_10022, 100g, ?80,4/16/2020,12/31/2022
PRD#_10727,Eastern Fish Masala,SUP_126,PCAT_10022, 100g, ?80,6/22/2020,9/27/2022
PRD#_10728,Eastern Ginger Powder,SUP_104,PCAT_10022, 100g, ?120,8/19/2020,10/22/2022
PRD#_10729,Eastern Malabar Garam Masala,SUP_118,PCAT_10022, 100g, ?100,8/19/2020,4/18/2022
PRD#_10730,Eastern Meat Masala,SUP_106,PCAT_10022, 100g, ?70,8/15/2020,2/26/2022
PRD#_10731,Eastern Sambar Powder,SUP_115,PCAT_10022, 100g, ?70,6/27/2020,8/2/2022
PRD#_10732,Everest Biryani Masala,SUP_106,PCAT_10022, 100g, ?100,2/22/2020,6/1/2022
PRD#_10733,Everest Black Salt,SUP_103,PCAT_10022, 200g, ?45,11/22/2020,1/27/2022
PRD#_10734,Everest Chat Masala,SUP_124,PCAT_10022, 100g, ?75,5/29/2020,9/9/2022
PRD#_10735,Everest Curry Powder,SUP_115,PCAT_10022, 100g, ?80,11/16/2020,11/14/2022
PRD#_10736,Everest Garlic Powder,SUP_101,PCAT_10022, 100g, ?90,3/6/2020,11/24/2022
PRD#_10737,Everest Jaljeera Powder,SUP_101,PCAT_10022, 100g, ?50,12/6/2020,4/25/2022
PRD#_10738,Everest Kanda Lasun Masala,SUP_122,PCAT_10022, 100g, ?90,5/6/2020,9/29/2022
PRD#_10739,Everest Pani Puri Masala,SUP_122,PCAT_10022, 100g, ?50,12/29/2020,7/8/2022
PRD#_10740,Everest Peri Peri Masala,SUP_104,PCAT_10022, 100g, ?80,10/14/2020,6/23/2022
PRD#_10741,Everest Red Chilli Powder,SUP_112,PCAT_10022, 200g, ?120,3/20/2020,6/11/2022
PRD#_10742,Everest Sabji Masala,SUP_111,PCAT_10022, 100g, ?80,7/3/2020,9/15/2022
PRD#_10743,Everest Saffron,SUP_105,PCAT_10022, 1g, ?400,8/5/2020,2/13/2022
PRD#_10744,Everest Turmeric Powder,SUP_120,PCAT_10022, 200g, ?60,8/14/2020,5/4/2022
PRD#_10745,Everest White Pepper Powder,SUP_103,PCAT_10022, 100g, ?200,9/1/2020,4/13/2022
PRD#_10746,Goldiee Clove Powder,SUP_103,PCAT_10022, 50g, ?180,11/6/2020,8/8/2022
PRD#_10747,Goldiee Jeera Powder,SUP_102,PCAT_10022, 100g, ?80,12/4/2020,8/29/2022
PRD#_10748,Goldiee Mustard Powder,SUP_110,PCAT_10022, 100g, ?75,9/23/2020,11/12/2022
PRD#_10749,Goldiee Pani Puri Masala,SUP_105,PCAT_10022, 100g, ?60,4/27/2020,1/3/2022
PRD#_10750,Keya Basil Leaves,SUP_114,PCAT_10022, 50g, ?90,8/28/2020,12/2/2022
PRD#_10751,Keya Chilli Flakes,SUP_120,PCAT_10022, 50g, ?120,3/19/2020,11/13/2022
PRD#_10752,Keya Mixed Italian Herbs,SUP_106,PCAT_10022, 50g, ?100,9/18/2020,10/21/2022
PRD#_10753,Keya Oregano Seasoning,SUP_118,PCAT_10022, 50g, ?120,11/16/2020,7/30/2022
PRD#_10754,Keya Parsley Flakes,SUP_116,PCAT_10022, 50g, ?90,7/28/2020,6/10/2022
PRD#_10755,Keya Thyme Leaves,SUP_112,PCAT_10022, 50g, ?100,1/20/2020,6/6/2022
PRD#_10756,MDH Achari Masala,SUP_114,PCAT_10022, 100g, ?85,2/28/2020,5/21/2022
PRD#_10757,MDH Chaat Masala,SUP_118,PCAT_10022, 100g, ?85,9/15/2020,12/24/2022
PRD#_10758,MDH Chana Masala,SUP_121,PCAT_10022, 100g, ?75,10/11/2020,4/3/2022
PRD#_10759,MDH Dahi Vada Raita Masala,SUP_107,PCAT_10022, 100g, ?85,2/16/2020,4/7/2022
PRD#_10760,MDH Deggi Mirch,SUP_126,PCAT_10022, 100g, ?95,4/28/2020,1/2/2022
PRD#_10761,MDH Dhania Powder,SUP_102,PCAT_10022, 200g, ?85,3/6/2020,11/11/2022
PRD#_10762,MDH Kitchen King Masala,SUP_113,PCAT_10022, 100g, ?85,4/5/2020,1/26/2022
PRD#_10763,MDH Pav Bhaji Masala,SUP_115,PCAT_10022, 100g, ?80,3/17/2020,6/4/2022
PRD#_10764,MDH Rajma Masala,SUP_105,PCAT_10022, 100g, ?80,3/17/2020,10/20/2022
PRD#_10765,MDH Sambhar Masala,SUP_126,PCAT_10022, 100g, ?75,8/7/2020,3/15/2022
PRD#_10766,MDH Shahi Paneer Masala,SUP_111,PCAT_10022, 100g, ?85,12/6/2020,11/27/2022
PRD#_10767,MDH Tandoori Chicken Masala,SUP_109,PCAT_10022, 100g, ?90,2/27/2020,10/18/2022
PRD#_10768,MTR Bisi Bele Bath Powder,SUP_103,PCAT_10022, 100g, ?75,8/8/2020,5/23/2022
PRD#_10769,MTR Madras Curry Powder,SUP_101,PCAT_10022, 100g, ?85,9/7/2020,12/13/2022
PRD#_10770,MTR Puliyodarai Powder,SUP_106,PCAT_10022, 100g, ?75,3/3/2020,4/26/2022
PRD#_10771,MTR Rasam Powder,SUP_125,PCAT_10022, 100g, ?60,10/6/2020,5/18/2022
PRD#_10772,Orika Saffron (Kesar),SUP_103,PCAT_10022, 1g, ?350,8/11/2020,2/14/2022
PRD#_10773,Tata Sampann Cinnamon Powder,SUP_119,PCAT_10022, 100g, ?120,5/27/2020,8/9/2022
PRD#_10774,Tata Sampann Fennel Seeds,SUP_122,PCAT_10022, 100g, ?60,4/29/2020,10/27/2022
PRD#_10775,Tata Sampann Garam Masala,SUP_116,PCAT_10022, 100g, ?85,2/14/2020,7/3/2022
PRD#_10776,Tata Sampann Kasuri Methi,SUP_108,PCAT_10022, 50g, ?60,4/1/2020,11/2/2022
PRD#_10777,Tata Sampann Mace (Javitri),SUP_123,PCAT_10022, 50g, ?400,1/1/2020,3/26/2022
PRD#_10778,Tata Sampann Star Anise,SUP_124,PCAT_10022, 50g, ?250,7/10/2020,5/4/2022
PRD#_10779,Tata Sampann Turmeric Powder,SUP_110,PCAT_10022, 200g, ?70,10/17/2020,5/25/2022
PRD#_10661,Adyar Ananda Bhavan (A2B) Badam Halwa,SUP_111,PCAT_10023, 500g, ?400,6/26/2020,12/28/2022
PRD#_10662,Anand Sweets Mango Barfi,SUP_110,PCAT_10023, 500g, ?450,9/23/2020,6/12/2022
PRD#_10663,Anand Sweets Mysore Pak,SUP_110,PCAT_10023, 500g, ?300,12/13/2020,5/31/2022
PRD#_10664,Bansiwala Kesar Peda,SUP_114,PCAT_10023, 500g, ?400,11/17/2020,11/17/2022
PRD#_10665,Bengali Sweets Sandesh,SUP_104,PCAT_10023, 500g, ?350,7/17/2020,7/24/2022
PRD#_10666,Bikaji Gulab Jamun,SUP_119,PCAT_10023, 1kg, ?220,9/10/2020,11/12/2022
PRD#_10667,Bikaji Milk Cake,SUP_110,PCAT_10023, 500g, ?280,10/8/2020,3/13/2022
PRD#_10668,Bikanervala Kaju Katli,SUP_121,PCAT_10023, 500g, ?600,5/24/2020,6/7/2022
PRD#_10669,Bikano Rajbhog,SUP_101,PCAT_10023, 1kg, ?250,7/26/2020,3/7/2022
PRD#_10670,Bombay Sweet Shop Assorted Mithai Box,SUP_110,PCAT_10023, 500g, ?750,3/11/2020,1/2/2022
PRD#_10671,Brijwasi Kesari Rasmalai,SUP_126,PCAT_10023, 500g, ?350,4/26/2020,4/4/2022
PRD#_10672,Brijwasi Sweets Ghevar,SUP_118,PCAT_10023, 500g, ?500,9/29/2020,7/18/2022
PRD#_10673,Chappan Bhog Dodha Barfi,SUP_103,PCAT_10023, 500g, ?350,10/9/2020,4/6/2022
PRD#_10674,Chitale Bandhu Bhakarwadi,SUP_111,PCAT_10023, 500g, ?220,5/28/2020,7/24/2022
PRD#_10675,Chitale Bandhu Mango Barfi,SUP_126,PCAT_10023, 500g, ?320,11/3/2020,1/15/2022
PRD#_10676,Evergreen Sweet House Sohan Halwa,SUP_124,PCAT_10023, 500g, ?300,8/24/2020,1/24/2022
PRD#_10677,Ganguram Kesar Rasmalai,SUP_115,PCAT_10023, 500g, ?280,2/20/2020,8/21/2022
PRD#_10678,Ghasitarams Anjeer Barfi,SUP_110,PCAT_10023, 500g, ?700,5/12/2020,10/28/2022
PRD#_10679,Ghasitarams Dry Fruit Ladoo,SUP_114,PCAT_10023, 500g, ?550,10/12/2020,5/20/2022
PRD#_10680,Ghasitarams Kaju Anjeer Roll,SUP_104,PCAT_10023, 500g, ?800,9/6/2020,5/1/2022
PRD#_10681,Ghasitarams Motichoor Ladoo,SUP_117,PCAT_10023, 500g, ?280,8/17/2020,4/10/2022
PRD#_10682,Gokul Sweets Malai Peda,SUP_112,PCAT_10023, 500g, ?320,6/14/2020,1/30/2022
PRD#_10683,Haldirams Baked Gujiya,SUP_124,PCAT_10023, 500g, ?300,4/25/2020,4/21/2022
PRD#_10684,Haldirams Besan Ladoo,SUP_108,PCAT_10023, 500g, ?280,7/20/2020,4/23/2022
PRD#_10685,Haldirams Soan Papdi,SUP_115,PCAT_10023, 500g, ?150,12/19/2020,4/11/2022
PRD#_10686,Haldiram's Kaju Pista Roll,SUP_109,PCAT_10023, 500g, ?650,9/9/2020,6/24/2022
PRD#_10687,Haldiram's Rasgulla,SUP_119,PCAT_10023, 1kg, ?200,7/3/2020,12/15/2022
PRD#_10688,Kanti Sweets Coconut Barfi,SUP_110,PCAT_10023, 500g, ?250,9/22/2020,12/6/2022
PRD#_10689,Karachi Bakery Chocolate Almond Biscuits,SUP_113,PCAT_10023, 400g, ?250,8/29/2020,5/13/2022
PRD#_10690,Karachi Bakery Fruit Biscuits,SUP_110,PCAT_10023, 400g, ?200,1/18/2020,4/4/2022
PRD#_10691,KC Das Nolen Gurer Sandesh,SUP_118,PCAT_10023, 500g, ?400,12/26/2020,6/29/2022
PRD#_10692,Kesar Mithaiwala Mawa Barfi,SUP_102,PCAT_10023, 500g, ?300,8/7/2020,5/20/2022
PRD#_10693,Kesar Sweets Saffron Barfi,SUP_111,PCAT_10023, 500g, ?600,4/26/2020,10/9/2022
PRD#_10694,Krishna Sweets Ajmeri Kalakand,SUP_118,PCAT_10023, 500g, ?320,8/29/2020,9/9/2022
PRD#_10695,Lal Sweets Peda,SUP_122,PCAT_10023, 500g, ?250,4/28/2020,1/29/2022
PRD#_10696,Mithaivala Mixed Sweets Box,SUP_114,PCAT_10023, 500g, ?450,5/16/2020,2/8/2022
PRD#_10697,MTR Badam Halwa,SUP_106,PCAT_10023, 500g, ?250,12/7/2020,6/1/2022
PRD#_10698,Nathus Sweets Kaju Kalash,SUP_104,PCAT_10023, 500g, ?700,6/8/2020,1/21/2022
PRD#_10699,Om Sweets Balushahi,SUP_114,PCAT_10023, 500g, ?300,8/10/2020,12/15/2022
PRD#_10700,Om Sweets Chocolate Barfi,SUP_123,PCAT_10023, 500g, ?400,5/28/2020,3/9/2022
PRD#_10701,Pulla Reddy Mysore Pak,SUP_120,PCAT_10023, 500g, ?350,6/14/2020,4/30/2022
PRD#_10702,Punjab Sweet House Doda Barfi,SUP_112,PCAT_10023, 500g, ?350,2/13/2020,12/9/2022
PRD#_10703,Punjabi Ghasitaram Dry Fruit Halwa,SUP_111,PCAT_10023, 500g, ?450,11/19/2020,10/1/2022
PRD#_10704,Rajasthani Ghewar,SUP_106,PCAT_10023, 500g, ?500,10/28/2020,6/24/2022
PRD#_10705,Shree Ganguram Jalebi,SUP_107,PCAT_10023, 500g, ?200,4/19/2020,2/12/2022
PRD#_10706,Shree Mithai Coconut Ladoo,SUP_102,PCAT_10023, 500g, ?280,5/15/2020,5/13/2022
PRD#_10707,Sweet Bengal Cham Cham,SUP_110,PCAT_10023, 1kg, ?350,11/1/2020,3/22/2022
PRD#_10708,Sweet Truth Chocolate Fudge Brownie,SUP_115,PCAT_10023, 500g, ?350,2/9/2020,4/30/2022
PRD#_10709,Tewari Brothers Besan Barfi,SUP_113,PCAT_10023, 500g, ?350,4/20/2020,2/22/2022
PRD#_10319,Hershey's Chocolate Syrup,SUP_116,PCAT_10024, 623g, ?200,11/19/2020,9/6/2022
PRD#_10060,Candyman Choco Double Eclairs,SUP_112,PCAT_10025, 100g, ?50,4/7/2020,11/13/2022
PRD#_10061,Candyman Eclairs,SUP_121,PCAT_10025, 100g, ?50,9/5/2020,7/17/2022
PRD#_10064,Candyman Toffichoo,SUP_103,PCAT_10025, 100g, ?50,6/16/2020,2/7/2022
PRD#_10378,Lotte Coffy Bite,SUP_114,PCAT_10025, 100g, ?50,12/13/2020,5/7/2022
PRD#_10379,Lotte Eclairs,SUP_119,PCAT_10025, 100g, ?50,8/6/2020,6/21/2022
PRD#_10511,Parle Kismi Toffee,SUP_110,PCAT_10025, 100g, ?50,7/22/2020,8/14/2022
PRD#_10514,Parle Melody Toffee,SUP_102,PCAT_10025, 100g, ?50,4/24/2020,9/13/2022
PRD#_10005,Almonds (Raw),SUP_111,PCAT_10006, 1 lb,9,7/11/2020,3/11/2022
PRD#_10018,Antioxidant Medley Mix,SUP_122,PCAT_10006, 1 lb,10,3/11/2020,12/13/2022
PRD#_10021,Apple Rings,SUP_105,PCAT_10006, 1 lb,5,12/21/2020,5/29/2022
PRD#_10022,Apricots,SUP_109,PCAT_10006, 1 lb,10,5/27/2020,11/19/2022
PRD#_10031,Banana Chips,SUP_115,PCAT_10006, 1 lb,5,5/8/2020,10/17/2022
PRD#_10047,Blueberries,SUP_123,PCAT_10006, 1 lb,8,11/12/2020,2/2/2022
PRD#_10067,Cashews (Raw),SUP_122,PCAT_10006, 200 g, ?500,2/19/2020,4/5/2022
PRD#_10078,Chia Seeds,SUP_122,PCAT_10006, 1 lb,2,8/29/2020,11/12/2022
PRD#_10084,Chocolate Coconut Haystacks,SUP_114,PCAT_10006, 1 lb,9,2/11/2020,6/21/2022
PRD#_10094,Coconut Varieties,SUP_114,PCAT_10006, 1 lb,3,9/2/2020,1/25/2022
PRD#_10109,Dark Chocolate Cranberries,SUP_118,PCAT_10006, 1 lb,13,1/31/2020,8/14/2022
PRD#_10110,Dark Chocolate Raisins,SUP_106,PCAT_10006, 1 lb,12,10/20/2020,9/11/2022
PRD#_10112,Date Varieties,SUP_116,PCAT_10006, 1 lb,5,1/15/2020,6/1/2022
PRD#_10116,Diced Pineapple,SUP_108,PCAT_10006, 1 lb,6,9/3/2020,12/11/2022
PRD#_10120,Dried Acai Berries,SUP_113,PCAT_10006, 200 g, ?950,1/17/2020,4/30/2022
PRD#_10121,Dried Apple Rings,SUP_124,PCAT_10006, 200 g, ?400,5/7/2020,10/9/2022
PRD#_10122,Dried Apricots,SUP_115,PCAT_10006, 200 g, ?350,12/8/2020,8/7/2022
PRD#_10123,Dried Aronia Berries,SUP_113,PCAT_10006, 200 g, ?1150,2/27/2020,2/14/2022
PRD#_10124,Dried Barberries,SUP_116,PCAT_10006, 200 g, ?1300,3/21/2020,9/4/2022
PRD#_10125,Dried Black Currants,SUP_112,PCAT_10006, 200 g, ?650,9/20/2020,9/24/2022
PRD#_10126,Dried Blueberries,SUP_107,PCAT_10006, 200 g, ?450,2/22/2020,9/20/2022
PRD#_10127,Dried Boysenberries,SUP_103,PCAT_10006, 200 g, ?1550,2/13/2020,11/25/2022
PRD#_10128,Dried Camu Camu Berries,SUP_105,PCAT_10006, 200 g, ?1050,9/30/2020,9/23/2022
PRD#_10129,Dried Cherry Slices,SUP_101,PCAT_10006, 200 g, ?600,11/27/2020,1/4/2022
PRD#_10130,Dried Cloudberries,SUP_116,PCAT_10006, 200 g, ?1400,7/11/2020,6/23/2022
PRD#_10132,Dried Cranberries,SUP_114,PCAT_10006, 200 g, ?400,7/8/2020,9/30/2022
PRD#_10133,Dried Dates,SUP_105,PCAT_10006, 200 g, ?300,10/7/2020,11/30/2022
PRD#_10134,Dried Elderberries,SUP_101,PCAT_10006, 200 g, ?1100,2/9/2020,5/5/2022
PRD#_10135,Dried Figs,SUP_120,PCAT_10006, 200 g, ?550,9/10/2020,9/1/2022
PRD#_10136,Dried Goji Berries,SUP_125,PCAT_10006, 200 g, ?700,3/18/2020,6/30/2022
PRD#_10137,Dried Golden Berries,SUP_115,PCAT_10006, 200 g, ?800,7/16/2020,10/14/2022
PRD#_10138,Dried Huckleberries,SUP_103,PCAT_10006, 200 g, ?1500,5/14/2020,5/28/2022
PRD#_10139,Dried Inca Berries,SUP_127,PCAT_10006, 200 g, ?900,7/10/2020,8/21/2022
PRD#_10140,Dried Kiwi Slices,SUP_124,PCAT_10006, 200 g, ?450,7/15/2020,10/8/2022
PRD#_10141,Dried Lingonberries,SUP_109,PCAT_10006, 200 g, ?1350,6/1/2020,5/13/2022
PRD#_10142,Dried Mango Slices,SUP_107,PCAT_10006, 200 g, ?400,3/13/2020,12/7/2022
PRD#_10143,Dried Maqui Berries,SUP_105,PCAT_10006, 200 g, ?1000,6/25/2020,12/4/2022
PRD#_10144,Dried Marionberries,SUP_117,PCAT_10006, 200 g, ?1600,9/15/2020,4/11/2022
PRD#_10145,Dried Mulberries,SUP_105,PCAT_10006, 200 g, ?750,4/4/2020,5/14/2022
PRD#_10146,Dried Papaya Cubes,SUP_105,PCAT_10006, 200 g, ?300,12/22/2020,10/26/2022
PRD#_10147,Dried Peach Slices,SUP_117,PCAT_10006, 200 g, ?500,7/11/2020,6/6/2022
PRD#_10148,Dried Pear Slices,SUP_106,PCAT_10006, 200 g, ?450,5/18/2020,10/21/2022
PRD#_10149,Dried Pineapple Slices,SUP_114,PCAT_10006, 200 g, ?350,11/23/2020,4/20/2022
PRD#_10150,Dried Plum Slices,SUP_112,PCAT_10006, 200 g, ?550,9/29/2020,5/28/2022
PRD#_10151,Dried Prunes,SUP_109,PCAT_10006, 200 g, ?500,3/26/2020,11/1/2022
PRD#_10152,Dried Saskatoon Berries,SUP_126,PCAT_10006, 200 g, ?1450,10/10/2020,6/24/2022
PRD#_10153,Dried Schisandra Berries,SUP_117,PCAT_10006, 200 g, ?1250,12/10/2020,8/15/2022
PRD#_10154,Dried Sea Buckthorn Berries,SUP_121,PCAT_10006, 200 g, ?1200,5/4/2020,3/13/2022
PRD#_10155,Dried Strawberry Slices,SUP_104,PCAT_10006, 200 g, ?500,7/16/2020,5/30/2022
PRD#_10156,Dried White Mulberries,SUP_124,PCAT_10006, 200 g, ?850,9/7/2020,11/28/2022
PRD#_10162,Energy Mix,SUP_102,PCAT_10006, 1 lb,8,1/20/2020,8/24/2022
PRD#_10164,Extra Fancy Pears,SUP_105,PCAT_10006, 1 lb,9,10/5/2020,6/17/2022
PRD#_10239,Fruit & Nut Mix,SUP_122,PCAT_10006, 1 lb,7,7/16/2020,7/28/2022
PRD#_10240,Fruit Mix,SUP_109,PCAT_10006, 1 lb,8,5/29/2020,9/11/2022
PRD#_10257,Golden Spike Trail Mix,SUP_101,PCAT_10006, 1 lb,12,7/5/2020,4/6/2022
PRD#_10323,Holiday Sunbursts,SUP_111,PCAT_10006, 1 lb,10,6/18/2020,2/16/2022
PRD#_10443,New Orleans Mix,SUP_109,PCAT_10006, 1 lb,6,6/3/2020,10/30/2022
PRD#_10508,Papaya Varieties,SUP_127,PCAT_10006, 1 lb,6,3/8/2020,9/20/2022
PRD#_10525,Pepita Varieties,SUP_110,PCAT_10006, 1 lb,9,4/1/2020,1/31/2022
PRD#_10532,Pine Nuts Kernels,SUP_115,PCAT_10006, 8 oz,19,6/6/2020,11/23/2022
PRD#_10533,Pistachios (Raw),SUP_106,PCAT_10006, 200 g, ?700,1/5/2020,10/24/2022
PRD#_10534,Pitted Prunes,SUP_118,PCAT_10006, 1 lb,8,11/6/2020,2/15/2022
PRD#_10546,Raisin Varieties,SUP_111,PCAT_10006, 1 lb,5,11/27/2020,2/17/2022
PRD#_10580,Sesame Seeds,SUP_117,PCAT_10006, 1 lb,3,1/10/2020,11/24/2022
PRD#_10597,Sunbursts (Chocolate Sunflower Seeds),SUP_120,PCAT_10006, 1 lb,10,2/7/2020,5/12/2022
PRD#_10607,Sunshine Mix,SUP_101,PCAT_10006, 1 lb,7,7/26/2020,5/21/2022
PRD#_10612,Swiss Mix,SUP_112,PCAT_10006, 1 lb,8,10/31/2020,5/4/2022
PRD#_10617,Tart Cherries,SUP_114,PCAT_10006, 1 lb,8,6/1/2020,11/3/2022
PRD#_10646,Walnuts (Raw),SUP_123,PCAT_10006, 200 g, ?600,2/15/2020,1/6/2022
PRD#_10648,Wasabi Peas,SUP_120,PCAT_10006, 1 lb,4,10/28/2020,11/13/2022
PRD#_10020,Apple & Mango Chutney,SUP_112,PCAT_10016, Ball's, 470 g,5/9/2020,10/1/2022
PRD#_10032,Banana Chutney,SUP_105,PCAT_10016, 340 g, £4,7/24/2020,10/19/2022
PRD#_10050,Brinjal Pickle,SUP_111,PCAT_10016, 312 g, £2,6/27/2020,7/29/2022
PRD#_10082,Chilli Chutney,SUP_126,PCAT_10016, Ball's, 470 g,11/14/2020,5/28/2022
PRD#_10085,Cider Chutney,SUP_119,PCAT_10016, 320 g, £5,4/28/2020,6/24/2022
PRD#_10093,Coconut Chutney,SUP_124,PCAT_10016, 340 g,4,11/17/2020,5/26/2022
PRD#_10096,Coriander Chutney,SUP_101,PCAT_10016, 340 g,4,2/2/2020,1/14/2022
PRD#_10098,Cornish Chutney,SUP_108,PCAT_10016, 340 g, £4,11/15/2020,4/20/2022
PRD#_10111,Date & Tamarind Chutney,SUP_123,PCAT_10016, 340 g,4,5/3/2020,1/26/2022
PRD#_10241,Gajar,SUP_101,PCAT_10016, Homemade Love, 250 g,1/29/2020,6/11/2022
PRD#_10245,Garlic Pickle,SUP_106,PCAT_10016, 500 g, ?120,12/23/2020,7/2/2022
PRD#_10246,Garlic Pickle,SUP_102,PCAT_10016, 300 g, ?85,8/4/2020,8/29/2022
PRD#_10247,Garlic Pickle,SUP_119,PCAT_10016, 340 g,4,8/5/2020,2/10/2022
PRD#_10248,Garlic Pickle,SUP_110,PCAT_10016, 500 g,5,3/26/2020,2/17/2022
PRD#_10251,Ginger Pickle,SUP_101,PCAT_10016, 300 g, ?85,4/29/2020,12/26/2022
PRD#_10252,Ginger Pickle,SUP_102,PCAT_10016, 340 g,4,7/27/2020,5/6/2022
PRD#_10253,Ginger Pickle,SUP_122,PCAT_10016, 500 g,5,6/4/2020,6/19/2022
PRD#_10255,Glorious Garlic Pickle,SUP_102,PCAT_10016, 320 g, £5,10/19/2020,4/14/2022
PRD#_10258,Gongura Pickle,SUP_123,PCAT_10016, 300 g, ?85,3/7/2020,7/28/2022
PRD#_10260,Green Chilli Pickle,SUP_111,PCAT_10016, 250 g, ?299,2/1/2020,1/8/2022
PRD#_10261,Green Chilli Pickle,SUP_101,PCAT_10016, 500 g, ?120,5/3/2020,2/15/2022
PRD#_10262,Green Chilli Pickle,SUP_106,PCAT_10016, 340 g,4,5/27/2020,1/14/2022
PRD#_10263,Green Chilli Pickle,SUP_108,PCAT_10016, 500 g,5,2/2/2020,9/19/2022
PRD#_10267,Green Label Mango Chutney,SUP_102,PCAT_10016, 320 g, £2,9/21/2020,5/10/2022
PRD#_10313,Harvest Chutney,SUP_106,PCAT_10016, 200 g, £4,5/29/2020,8/14/2022
PRD#_10326,Hot Lime Pickle,SUP_112,PCAT_10016, 340 g,4,8/17/2020,12/26/2022
PRD#_10327,Hot Mango Chutney,SUP_109,PCAT_10016, 320 g, £3,5/24/2020,6/11/2022
PRD#_10331,Imli Chutney with Jaggery & Raisins,SUP_103,PCAT_10016, 250 g, ?245,5/7/2020,1/28/2022
PRD#_10336,Instant Makhana Kheer Mix,SUP_114,PCAT_10016, 200 g, ?849,11/16/2020,1/2/2022
PRD#_10364,Lal Mirch Bharua Pickle,SUP_113,PCAT_10016, 500 g, ?995,8/26/2020,3/16/2022
PRD#_10367,Lemon Pickle,SUP_127,PCAT_10016, 300 g, ?85,3/7/2020,3/19/2022
PRD#_10372,Lime Chutney,SUP_117,PCAT_10016, 340 g,4,3/2/2020,5/4/2022
PRD#_10373,Lime Pickle,SUP_122,PCAT_10016, 283 g, £2,3/9/2020,1/16/2022
PRD#_10374,Lime Pickle,SUP_126,PCAT_10016, 500 g,5,12/27/2020,7/21/2022
PRD#_10385,Major Grey's Mango Chutney,SUP_101,PCAT_10016, 320 g, £2,3/18/2020,1/6/2022
PRD#_10387,Mango Avakaya Pickle,SUP_112,PCAT_10016, 300 g, ?85,12/19/2020,8/18/2022
PRD#_10388,Mango Chutney,SUP_118,PCAT_10016, 340 g, £2,12/13/2020,6/30/2022
PRD#_10389,Mango Chutney,SUP_107,PCAT_10016, 340 g,4,2/28/2020,9/8/2022
PRD#_10390,Mango Ginger Pickle,SUP_105,PCAT_10016, 300 g, ?85,10/26/2020,6/18/2022
PRD#_10391,Mango Pickle,SUP_118,PCAT_10016, 500 g,5,8/21/2020,2/15/2022
PRD#_10392,Mango Thokku Pickle,SUP_112,PCAT_10016, 300 g, ?85,10/9/2020,11/28/2022
PRD#_10414,Mint Chutney,SUP_115,PCAT_10016, 340 g,4,11/30/2020,10/24/2022
PRD#_10415,Mixed Vegetable Pickle,SUP_105,PCAT_10016, 500 g, ?120,10/22/2020,6/30/2022
PRD#_10416,Mixed Vegetable Pickle,SUP_103,PCAT_10016, 500 g,5,12/24/2020,3/31/2022
PRD#_10419,Molgapudi (Spiced Chutney Powder),SUP_117,PCAT_10016, 250 g, ?245,11/16/2020,7/23/2022
PRD#_10429,MTR Instant Spiced Chutney Powder,SUP_124,PCAT_10016, 200 g,3,2/17/2020,1/8/2022
PRD#_10521,Peach Chutney,SUP_112,PCAT_10016, Ball's, 470 g,9/13/2020,2/18/2022
PRD#_10526,Perfectly Punchy Piccalilli,SUP_121,PCAT_10016, 290 g, £5,4/24/2020,9/7/2022
PRD#_10531,Piccalilli,SUP_125,PCAT_10016, 340 g, £4,12/10/2020,2/17/2022
PRD#_10537,Premium Mango Chutney,SUP_122,PCAT_10016, 320 g, £3,2/28/2020,7/2/2022
PRD#_10543,Punjabi Mango Pickle (Aam ka Achaar),SUP_121,PCAT_10016, 250 g, ?299,9/27/2020,4/10/2022
PRD#_10549,Rajasthani Garlic Chutney,SUP_110,PCAT_10016, 250 g, ?440,1/16/2020,5/20/2022
PRD#_10556,Real Ale Chutney,SUP_118,PCAT_10016, 210 g, £5,10/16/2020,9/12/2022
PRD#_10557,Red Chilli Pickle,SUP_101,PCAT_10016, 300 g, ?100,9/29/2020,8/24/2022
PRD#_10558,Red Chilli Pickle,SUP_115,PCAT_10016, 500 g,5,6/23/2020,2/1/2022
PRD#_10560,Red Onion Marmalade,SUP_123,PCAT_10016, 310 g, £6,3/16/2020,6/17/2022
PRD#_10561,Red Onion Relish,SUP_104,PCAT_10016, 227 g, £5,7/30/2020,11/6/2022
PRD#_10562,Red Pepper & Smoked Paprika Relish,SUP_115,PCAT_10016, 310 g, £6,2/22/2020,11/26/2022
PRD#_10588,South African Chutney,SUP_108,PCAT_10016, Ball's, 470 g,11/5/2020,4/28/2022
PRD#_10593,Spicy Tomato & Caramelised Onion Chutney,SUP_125,PCAT_10016, 210 g, £5,7/3/2020,5/24/2022
PRD#_10609,Sweet Lime Pickle,SUP_118,PCAT_10016, 500 g, ?120,11/29/2020,5/24/2022
PRD#_10610,Sweet Mango Chutney,SUP_110,PCAT_10016, 227 g, £2,1/29/2020,3/13/2022
PRD#_10611,Sweet Mango Chutney,SUP_110,PCAT_10016, 340 g,4,10/9/2020,9/23/2022
PRD#_10613,Tamarind Chutney,SUP_113,PCAT_10016, 320 g, £3,4/12/2020,11/16/2022
PRD#_10614,Tamarind Chutney,SUP_116,PCAT_10016, 340 g,4,5/22/2020,9/27/2022
PRD#_10626,Tomato Chutney,SUP_114,PCAT_10016, 340 g,4,12/3/2020,12/27/2022
PRD#_10628,Tomato Pickle,SUP_125,PCAT_10016, 300 g, ?85,9/16/2020,9/10/2022
PRD#_10024,Badshah Chat Masala,SUP_116,PCAT_10021, 100g, ?45,2/19/2020,4/25/2022
PRD#_10029,Balaji Wafers Simply Salted,SUP_104,PCAT_10021, 150g, ?30,3/30/2020,3/27/2022
PRD#_10035,Bhuira Jams,SUP_121,PCAT_10021, 250g, ?249,3/11/2020,10/25/2022
PRD#_10036,Bikaji Bhujia No 1,SUP_111,PCAT_10021, 1 kg, ?290,7/13/2020,7/12/2022
PRD#_10037,Bikaji Bikaneri Bhujia,SUP_108,PCAT_10021, 400g, ?150,11/20/2020,1/28/2022
PRD#_10039,Bikano Navratan Mixture,SUP_122,PCAT_10021, 1 kg, ?350,11/4/2020,9/6/2022
PRD#_10040,Bingo! Tedhe Medhe Masala Tadka,SUP_106,PCAT_10021, 80g/90g, ?20,9/5/2020,6/6/2022
PRD#_10051,Britannia Good Day Butter Cookies,SUP_109,PCAT_10021, 200g, ?30,1/4/2020,3/22/2022
PRD#_10075,Cheese Dosa Khakra,SUP_123,PCAT_10021, 100g, ?120,7/10/2020,7/4/2022
PRD#_10099,Cornitos Nacho Crisps Cheese & Herbs,SUP_101,PCAT_10021, 150g, ?85,4/10/2020,7/5/2022
PRD#_10115,Desi Masala Ragi Chips,SUP_103,PCAT_10021, 55g, ?50,6/11/2020,11/22/2022
PRD#_10242,Garden Namkeen Moong Dal,SUP_107,PCAT_10021, 400g, ?120,1/30/2020,3/27/2022
PRD#_10273,Haldiram's Kaju Mixture,SUP_117,PCAT_10021, 200g, ?180,11/27/2020,11/8/2022
PRD#_10274,Haldiram's Nagpur Aloo Bhujia,SUP_119,PCAT_10021, 350g+50g Extra, ?83,10/1/2020,8/22/2022
PRD#_10275,Haldiram's Nagpur Bhujia Sev,SUP_110,PCAT_10021, 400g, ?150,9/14/2020,1/24/2022
PRD#_10276,Haldiram's Nagpur Chana Dal,SUP_117,PCAT_10021, 400g, ?150,5/16/2020,11/25/2022
PRD#_10277,Haldiram's Nagpur Chana Jor Garam,SUP_105,PCAT_10021, 400g, ?150,9/22/2020,10/25/2022
PRD#_10278,Haldiram's Nagpur Chiwda,SUP_102,PCAT_10021, 400g, ?150,7/3/2020,7/20/2022
PRD#_10279,Haldiram's Nagpur Cornflakes Mixture,SUP_120,PCAT_10021, 400g, ?150,5/30/2020,6/20/2022
PRD#_10280,Haldiram's Nagpur Dal Biji,SUP_105,PCAT_10021, 400g, ?150,8/30/2020,4/25/2022
PRD#_10281,Haldiram's Nagpur Falahari Chiwda,SUP_104,PCAT_10021, 400g, ?150,2/29/2020,10/22/2022
PRD#_10282,Haldiram's Nagpur Farali Chiwda,SUP_113,PCAT_10021, 400g, ?150,12/30/2020,3/31/2022
PRD#_10283,Haldiram's Nagpur Kashmiri Mixture,SUP_122,PCAT_10021, 400g, ?150,6/17/2020,7/24/2022
PRD#_10284,Haldiram's Nagpur Khatta Meetha,SUP_125,PCAT_10021, 400g, ?150,2/29/2020,4/15/2022
PRD#_10285,Haldiram's Nagpur Khatta Meetha Mixture,SUP_107,PCAT_10021, 400g, ?150,3/30/2020,9/8/2022
PRD#_10286,Haldiram's Nagpur Lemon Bhel,SUP_110,PCAT_10021, 400g, ?150,6/21/2020,2/19/2022
PRD#_10287,Haldiram's Nagpur Lite Chiwda,SUP_120,PCAT_10021, 400g, ?150,3/17/2020,3/11/2022
PRD#_10288,Haldiram's Nagpur Masala Chana,SUP_109,PCAT_10021, 400g, ?150,6/25/2020,4/18/2022
PRD#_10289,Haldiram's Nagpur Masala Moong Dal,SUP_101,PCAT_10021, 400g, ?150,8/4/2020,2/17/2022
PRD#_10290,Haldiram's Nagpur Masala Peanuts,SUP_121,PCAT_10021, 400g, ?150,7/29/2020,4/7/2022
PRD#_10291,Haldiram's Nagpur Masala Sev,SUP_124,PCAT_10021, 400g, ?150,7/29/2020,12/26/2022
PRD#_10292,Haldiram's Nagpur Mixture,SUP_114,PCAT_10021, 400g, ?150,11/23/2020,10/14/2022
PRD#_10293,Haldiram's Nagpur Moong Dal,SUP_122,PCAT_10021, 400g, ?150,1/22/2020,1/10/2022
PRD#_10294,Haldiram's Nagpur Navrattan,SUP_113,PCAT_10021, 400g, ?150,1/19/2020,12/31/2022
PRD#_10295,Haldiram's Nagpur Nimbu Masala,SUP_101,PCAT_10021, 400g, ?150,9/22/2020,3/17/2022
PRD#_10296,Haldiram's Nagpur Nut Cracker,SUP_104,PCAT_10021, 400g, ?150,1/3/2020,6/27/2022
PRD#_10297,Haldiram's Nagpur Peanut Chikki,SUP_114,PCAT_10021, 400g, ?150,4/9/2020,11/10/2022
PRD#_10298,Haldiram's Nagpur Plain Bhujia,SUP_116,PCAT_10021, 400g, ?150,6/15/2020,8/16/2022
PRD#_10299,Haldiram's Nagpur Punjabi Tadka,SUP_117,PCAT_10021, 400g, ?150,10/21/2020,5/9/2022
PRD#_10300,Haldiram's Nagpur Salted Cashew,SUP_104,PCAT_10021, 400g, ?150,1/21/2020,5/5/2022
PRD#_10301,Haldiram's Nagpur Salted Kaju,SUP_110,PCAT_10021, 400g, ?150,5/7/2020,8/19/2022
PRD#_10302,Haldiram's Nagpur Salted Moong Dal,SUP_108,PCAT_10021, 400g, ?150,7/29/2020,6/8/2022
PRD#_10303,Haldiram's Nagpur Salted Peanuts,SUP_107,PCAT_10021, 400g, ?150,12/19/2020,5/28/2022
PRD#_10304,Haldiram's Nagpur Tasty Nuts,SUP_102,PCAT_10021, 400g, ?150,3/13/2020,2/13/2022
PRD#_10305,Haldiram's Nagpur Tomato Flavour Sev,SUP_111,PCAT_10021, 400g, ?150,2/17/2020,10/8/2022
PRD#_10306,Haldiram's Panchratan Mixture,SUP_110,PCAT_10021, 200g, ?100,1/1/2020,5/30/2022
PRD#_10308,Haldiram's Soan Papdi,SUP_115,PCAT_10021, 500g, ?150,5/4/2020,9/20/2022
PRD#_10338,Jalapeno Ragi Chips,SUP_120,PCAT_10021, 55g, ?50,3/5/2020,7/16/2022
PRD#_10356,Khakhra,SUP_123,PCAT_10021, 200g, ?120,4/25/2020,6/25/2022
PRD#_10363,Kurkure Masala Munch,SUP_104,PCAT_10021, 90g, ?20,2/16/2020,3/14/2022
PRD#_10365,Lay's India's Magic Masala,SUP_122,PCAT_10021, 52g, ?20,3/7/2020,5/8/2022
PRD#_10371,Lijjat Punjabi Masala Special Papad,SUP_127,PCAT_10021, 200g, ?60,2/27/2020,10/19/2022
PRD#_10431,Murukku,SUP_110,PCAT_10021, 200g, ?150,10/28/2020,1/1/2022
PRD#_10515,Parle Monaco Salted Biscuits,SUP_122,PCAT_10021, 75g, ?10,10/21/2020,11/28/2022
PRD#_10529,Peri Peri Ragi Chips,SUP_127,PCAT_10021, 55g, ?50,7/9/2020,4/9/2022
PRD#_10538,Pringles Original,SUP_109,PCAT_10021, 107g, ?85,3/10/2020,3/20/2022
PRD#_10571,Roasted Moong Jor (Salted),SUP_110,PCAT_10021, 85g, ?80,11/3/2020,9/29/2022
PRD#_10606,Sunfeast Dark Fantasy Choco Fills,SUP_116,PCAT_10021, 300g, ?120,8/10/2020,11/22/2022
PRD#_10607,GRB Pure Ghee,SUP_120,PCAT_10010,500g,?750,5/14/2020,4/21/2022
PRD#_10608,Britannia Cow's Ghee,SUP_103,PCAT_10010,500g,?800,11/22/2020,5/31/2022
PRD#_10609,Deep 100% Pure Cow Ghee,SUP_123,PCAT_10010,946ml,"?1,200",8/29/2020,12/24/2022
PRD#_10610,Jiva Organics Organic Pure Ghee,SUP_121,PCAT_10010,473ml,"?1,500",11/17/2020,5/24/2022
PRD#_10611,Laxmi Pure Cow Ghee,SUP_119,PCAT_10010,237ml,?500,11/23/2020,7/6/2022
PRD#_10612,Nanak Desi Ghee,SUP_112,PCAT_10010,28oz (approximately 794g),"?1,000",2/12/2020,9/7/2022
PRD#_10613,Patanjali Cow Ghee,SUP_102,PCAT_10010,1kg,"?1,200",4/21/2020,1/12/2022
PRD#_10614,Aachi Pure Ghee,SUP_102,PCAT_10010,500ml,?700,1/17/2020,3/26/2022
PRD#_10615,Indian Cow Ghee,SUP_123,PCAT_10010,"1,000ml","?1,065",8/4/2020,4/1/2022
PRD#_10616,Organic Desi Ghee,SUP_103,PCAT_10010,300g,"?1,000",10/4/2020,6/26/2022
PRD#_10617,Aashirvaad Whole Wheat Atta,SUP_124,PCAT_10008, 5 kg, ?200,9/8/2020,9/11/2022
PRD#_10618,Pillsbury Chakki Fresh Atta,SUP_125,PCAT_10008, 5 kg, ?210,8/30/2020,5/13/2022
PRD#_10619,Annapurna Farm Fresh Atta,SUP_102,PCAT_10008, 5 kg, ?190,5/22/2020,6/14/2022
PRD#_10620,Nature Fresh Sampoorna Chakki Atta,SUP_102,PCAT_10008, 5 kg, ?195,5/24/2020,4/12/2022
PRD#_10621,Shakti Bhog Chakki Atta,SUP_124,PCAT_10008, 5 kg, ?185,10/1/2020,6/17/2022
PRD#_10622,Patanjali Whole Wheat Atta,SUP_123,PCAT_10008, 5 kg, ?175,8/29/2020,9/7/2022
PRD#_10623,Rajdhani Chakki Atta,SUP_126,PCAT_10008, 5 kg, ?180,11/23/2020,7/19/2022
PRD#_10624,Fortune Chakki Fresh Atta,SUP_121,PCAT_10008, 5 kg, ?220,1/2/2020,5/15/2022
PRD#_10625,Sujata Chakki Atta,SUP_106,PCAT_10008, 5 kg, ?225,2/1/2020,7/2/2022
PRD#_10626,Dinesh MP Wheat Sharbati Atta,SUP_122,PCAT_10008, 5 kg, ?215,3/14/2020,9/21/2022
PRD#_10627,Patanjali Multigrain Atta,SUP_101,PCAT_10008, 5 kg, ?250,11/16/2020,1/1/2022
PRD#_10628,Aashirvaad Multigrain Atta,SUP_121,PCAT_10008, 5 kg, ?260,7/1/2020,7/5/2022
PRD#_10629,Pillsbury Multi Grain Atta,SUP_107,PCAT_10008, 5 kg, ?255,6/8/2020,8/25/2022
PRD#_10630,Nature Fresh Multigrain Atta,SUP_109,PCAT_10008, 5 kg, ?245,11/2/2020,3/2/2022
PRD#_10631,Shakti Bhog Multigrain Atta,SUP_121,PCAT_10008, 5 kg, ?240,2/25/2020,3/24/2022
PRD#_10632,Fortune Multigrain Atta,SUP_121,PCAT_10008, 5 kg, ?265,6/1/2020,3/27/2022
PRD#_10633,Organic Tattva Whole Wheat Atta,SUP_104,PCAT_10008, 5 kg, ?280,8/31/2020,2/15/2022
PRD#_10634,24 Mantra Organic Atta,SUP_102,PCAT_10008, 5 kg, ?290,2/18/2020,6/16/2022
PRD#_10635,Graminway Gluten-Free Atta,SUP_110,PCAT_10008, 5 kg, ?320,10/30/2020,1/29/2022
PRD#_10636,Manna Multigrain Atta,SUP_113,PCAT_10008, 5 kg, ?275,4/18/2020,6/10/2022
PRD#_10637,Ahaar Chakki Atta,SUP_114,PCAT_10008, 5 kg, ?190,6/3/2020,8/26/2022
PRD#_10638,Tata Sampann Whole Wheat Atta,SUP_106,PCAT_10008, 5 kg, ?205,7/5/2020,5/6/2022
PRD#_10639,Reliance Select Whole Wheat Atta,SUP_116,PCAT_10008, 5 kg, ?200,2/20/2020,7/23/2022
PRD#_10640,BB Royal Whole Wheat Atta,SUP_106,PCAT_10008, 5 kg, ?195,11/30/2020,7/20/2022
PRD#_10641,TWF Chakki Atta,SUP_109,PCAT_10008, 5 kg, ?210,3/3/2020,11/24/2022
PRD#_10642,Fresh Farm Chakki Atta,SUP_124,PCAT_10008, 5 kg, ?185,2/23/2020,8/12/2022
PRD#_10643,Golden Harvest Whole Wheat Atta,SUP_109,PCAT_10008, 5 kg, ?190,6/28/2020,7/26/2022
PRD#_10644,Mother Dairy Whole Wheat Atta,SUP_122,PCAT_10008, 5 kg, ?195,3/3/2020,10/11/2022
PRD#_10645,Organic India Whole Wheat Atta,SUP_115,PCAT_10008, 5 kg, ?275,7/20/2020,4/24/2022
PRD#_10646,Lokwan Whole Wheat Atta,SUP_127,PCAT_10008, 5 kg, ?230,8/12/2020,1/2/2022
PRD#_10647,MP Sharbati Atta,SUP_110,PCAT_10008, 5 kg, ?240,1/12/2020,8/23/2022
PRD#_10648,GRB Whole Wheat Atta,SUP_110,PCAT_10008, 5 kg, ?225,1/18/2020,10/5/2022
PRD#_10649,Ganesh Whole Wheat Atta,SUP_103,PCAT_10008, 5 kg, ?215,4/28/2020,1/17/2022
PRD#_10650,More Whole Wheat Atta,SUP_115,PCAT_10008, 5 kg, ?205,2/24/2020,11/9/2022
PRD#_10651,Heritage Chakki Atta,SUP_117,PCAT_10008, 5 kg, ?190,4/21/2020,5/13/2022
PRD#_10652,Desi Atta Whole Wheat Flour,SUP_110,PCAT_10008, 5 kg, ?185,3/4/2020,8/23/2022
PRD#_10653,Bikano Chakki Atta,SUP_102,PCAT_10008, 5 kg, ?200,7/30/2020,1/12/2022
PRD#_10654,Priya Whole Wheat Atta,SUP_116,PCAT_10008, 5 kg, ?195,12/9/2020,3/3/2022
PRD#_10655,Khazana Whole Wheat Atta,SUP_124,PCAT_10008, 5 kg, ?210,4/15/2020,4/17/2022
PRD#_10656,Vijay Whole Wheat Atta,SUP_114,PCAT_10008, 5 kg, ?220,6/11/2020,4/15/2022
PRD#_10657,Swastik Whole Wheat Atta,SUP_101,PCAT_10008, 5 kg, ?215,1/12/2020,3/22/2022
PRD#_10658,MTR Whole Wheat Atta,SUP_108,PCAT_10008, 5 kg, ?225,11/23/2020,12/21/2022
PRD#_10659,Gits Whole Wheat Atta,SUP_103,PCAT_10008, 5 kg, ?220,12/17/2020,8/23/2022
PRD#_10660,Anand Whole Wheat Atta,SUP_126,PCAT_10008, 5 kg, ?230,11/22/2020,2/5/2022
PRD#_10661,Govind Whole Wheat Atta,SUP_118,PCAT_10008, 5 kg, ?235,10/30/2020,7/8/2022
PRD#_10662,Navbharat Whole Wheat Atta,SUP_126,PCAT_10008, 5 kg, ?225,7/23/2020,5/23/2022
PRD#_10663,Unity Gold Chakki Atta,SUP_110,PCAT_10008, 5 kg, ?235,1/12/2020,1/18/2022
PRD#_10664,MP Lokwan Atta,SUP_112,PCAT_10008, 5 kg, ?250,9/25/2020,10/23/2022
PRD#_10665,Shree Krishna Whole Wheat Atta,SUP_115,PCAT_10008, 5 kg, ?255,10/29/2020,2/5/2022
PRD#_10666,Supreme Whole Wheat Atta,SUP_112,PCAT_10008, 5 kg, ?265,8/15/2020,3/19/2022
PRD#_10667,Uttam Chakki Atta,SUP_108,PCAT_10008, 5 kg, ?275,10/26/2020,10/18/2022
PRD#_10668,Dabur Hommade Chakki Atta,SUP_116,PCAT_10008, 5 kg, ?270,9/3/2020,6/9/2022
PRD#_10669,Herbal Valley Whole Wheat Atta,SUP_120,PCAT_10008, 5 kg, ?285,6/23/2020,3/4/2022
PRD#_10670,Sunfresh Chakki Atta,SUP_118,PCAT_10008, 5 kg, ?280,6/1/2020,3/13/2022
PRD#_10671,Daawat Whole Wheat Atta,SUP_117,PCAT_10008, 5 kg, ?290,1/22/2020,10/21/2022
PRD#_10672,Sarveshwar Whole Wheat Atta,SUP_126,PCAT_10008, 5 kg, ?295,5/2/2020,7/20/2022
PRD#_10673,Indica Whole Wheat Atta,SUP_104,PCAT_10008, 5 kg, ?300,3/1/2020,3/2/2022
PRD#_10674,Aayush Whole Wheat Atta,SUP_102,PCAT_10008, 5 kg, ?310,11/23/2020,12/9/2022
PRD#_10675,Pure & Sure Whole Wheat Atta,SUP_112,PCAT_10008, 5 kg, ?320,5/9/2020,2/12/2022
PRD#_10676,Natural Basket Whole Wheat Atta,SUP_108,PCAT_10008, 5 kg, ?330,2/10/2020,4/24/2022
PRD#_10677,Fresh Basket Whole Wheat Atta,SUP_105,PCAT_10008, 5 kg, ?340,1/2/2020,3/11/2022
PRD#_10678,Farm Fresh Chakki Atta,SUP_105,PCAT_10008, 5 kg, ?350,7/9/2020,5/3/2022
PRD#_10679,Swarn Whole Wheat Atta,SUP_126,PCAT_10008, 5 kg, ?360,1/30/2020,1/26/2022
PRD#_10680,Kamal Whole Wheat Atta,SUP_122,PCAT_10008, 5 kg, ?370,9/6/2020,5/12/2022
PRD#_10681,Desh Se Whole Wheat Atta,SUP_114,PCAT_10008, 5 kg, ?380,11/23/2020,11/3/2022
PRD#_10682,Rajasthani Whole Wheat Atta,SUP_104,PCAT_10008, 5 kg, ?390,9/19/2020,10/3/2022
PRD#_10683,Maharaja Whole Wheat Atta,SUP_116,PCAT_10008, 5 kg, ?400,5/25/2020,1/29/2022
PRD#_10684,Akhil Whole Wheat Atta,SUP_127,PCAT_10008, 5 kg, ?410,1/14/2020,11/20/2022
PRD#_10685,Jai Bharat Whole Wheat Atta,SUP_125,PCAT_10008, 5 kg, ?420,11/18/2020,10/30/2022
PRD#_10686,Grains Basket Whole Wheat Atta,SUP_115,PCAT_10008, 5 kg, ?430,11/8/2020,4/12/2022
PRD#_10687,Shakti Bhog Superfine Atta,SUP_122,PCAT_10008, 5 kg, ?440,6/27/2020,5/14/2022
PRD#_10688,Heritage Select Whole Wheat Atta,SUP_118,PCAT_10008, 5 kg, ?450,11/4/2020,6/7/2022
PRD#_10689,Bikano Multigrain Atta,SUP_108,PCAT_10008, 5 kg, ?460,1/13/2020,8/20/2022
PRD#_10690,Rajdhani Multigrain Atta,SUP_109,PCAT_10008, 5 kg, ?470,12/9/2020,3/4/2022
PRD#_10691,Tata Sampann Multigrain Atta,SUP_109,PCAT_10008, 5 kg, ?480,7/6/2020,3/21/2022
PRD#_10692,Aashirvaad Select Atta,SUP_108,PCAT_10008, 5 kg, ?490,1/8/2020,9/30/2022
PRD#_10693,Pillsbury Gold Atta,SUP_112,PCAT_10008, 5 kg, ?500,10/20/2020,8/25/2022
PRD#_10694,Tandoori Mayo,SUP_110,PCAT_10018, 180g, ?67,8/8/2020,6/24/2022
PRD#_10695,Premium Veg Mayo,SUP_110,PCAT_10018, 450g, ?157,6/30/2020,7/25/2022
PRD#_10696,Sriracha Mayo,SUP_114,PCAT_10018, 180g, ?107,3/14/2020,1/20/2022
PRD#_10697,Italian Herb Mayo,SUP_109,PCAT_10018, 450g, ?225,4/21/2020,9/15/2022
PRD#_10698,Burger Mayo,SUP_118,PCAT_10018, 450g, ?179,11/24/2020,12/21/2022
PRD#_10699,Barbeque Mayo,SUP_108,PCAT_10018, 180g, ?107,10/16/2020,10/16/2022
PRD#_10700,Chipotle Mayo,SUP_109,PCAT_10018, 180g, ?107,1/13/2020,7/10/2022
PRD#_10701,Mint Mayo,SUP_105,PCAT_10018, 180g, ?107,6/11/2020,4/29/2022
PRD#_10702,Hot Garlic Sauce,SUP_120,PCAT_10018, 250g, ?280,3/3/2020,6/17/2022
PRD#_10703,Butter Chicken Simmer Sauce,SUP_121,PCAT_10018, 300g, ?450,8/21/2020,5/27/2022
PRD#_10704,Tikka Masala Simmer Sauce,SUP_114,PCAT_10018, 300g, ?450,10/25/2020,10/14/2022
PRD#_10705,Spicy Butter Chicken Gourmet Simmer Sauce,SUP_102,PCAT_10018, 400g, ?500,11/2/2020,9/14/2022
PRD#_10706,Hyderabadi Korma Cooking Sauce,SUP_123,PCAT_10018, 200g, ?350,12/6/2020,3/14/2022
PRD#_10707,Delhi Murg Makhni Cooking Sauce,SUP_117,PCAT_10018, 200g, ?350,4/15/2020,5/6/2022
PRD#_10708,Punjabi Tikka Masala Cooking Sauce,SUP_109,PCAT_10018, 200g, ?350,4/18/2020,5/14/2022
PRD#_10709,Hickory Smoke Spicy Barbeque Sauce,SUP_110,PCAT_10018, 500g, ?319,5/18/2020,3/14/2022
PRD#_10710,Vegetarian Spicy Red Chilli Sauce,SUP_122,PCAT_10018, 90g, ?17,7/21/2020,8/20/2022
PRD#_10711,Sweet Tomato Chilli Sauce,SUP_117,PCAT_10018, 200g, ?180,5/11/2020,11/30/2022
PRD#_10712,Sriracha Hot Chili Sauce,SUP_118,PCAT_10018, 200g, ?195,10/19/2020,12/6/2022
PRD#_10713,Pasta & Pizza Sauce,SUP_109,PCAT_10018, 280g, ?120,4/8/2020,11/2/2022
PRD#_10714,Tomato Ketchup,SUP_117,PCAT_10018, 500g, ?115,12/22/2020,9/25/2022
PRD#_10715,Classic Tomato Sauce,SUP_115,PCAT_10018, 500g, ?130,2/13/2020,4/29/2022
PRD#_10716,Fun Foods Pasta & Pizza Sauce,SUP_105,PCAT_10015, Sauces, 325g,12/9/2020,6/22/2022
PRD#_10717,Arrabbiata Pasta Sauce,SUP_102,PCAT_10018, 330g, ?180,4/6/2020,7/30/2022
PRD#_10718,Schezwan Sauce,SUP_108,PCAT_10018, 250g, ?99,8/24/2020,6/18/2022
PRD#_10719,Peri Peri Sauce,SUP_123,PCAT_10018, 250g, ?150,1/12/2020,5/4/2022
PRD#_10720,Basilico Pasta Sauce,SUP_107,PCAT_10018, 400g, ?250,2/21/2020,3/1/2022
PRD#_10721,Classic Marinara Sauce,SUP_117,PCAT_10018, 350g, ?200,5/24/2020,12/31/2022
PRD#_10722,Traditional Spaghetti Sauce,SUP_118,PCAT_10018, 680g, ?300,7/7/2020,11/23/2022
PRD#_10723,Barbeque Sauce,SUP_127,PCAT_10018, 500g, ?120,11/23/2020,4/30/2022
PRD#_10724,Sweet Onion Sauce,SUP_107,PCAT_10018, 450g, ?199,8/30/2020,10/27/2022
PRD#_10725,Harissa Dip,SUP_127,PCAT_10018, 150g, ?99,6/10/2020,6/26/2022
PRD#_10726,Schezwan Chutney,SUP_126,PCAT_10018, 250g, ?90,7/28/2020,5/31/2022
PRD#_10727,Green Chilli Sauce,SUP_102,PCAT_10018, 190g, ?80,8/11/2020,6/4/2022
PRD#_10728,Red Chilli Sauce,SUP_126,PCAT_10018, 190g, ?80,10/25/2020,10/31/2022
PRD#_10729,Dark Soy Sauce,SUP_112,PCAT_10018, 210g, ?85,10/29/2020,4/30/2022
PRD#_10730,Sweet Chilli Sauce,SUP_126,PCAT_10018, 250g, ?95,2/13/2020,2/1/2022
PRD#_10731,Hot & Sweet Tomato Chilli Sauce,SUP_106,PCAT_10018, 500g, ?120,4/18/2020,7/8/2022
PRD#_10732,Rich Tomato Ketchup,SUP_111,PCAT_10018, 1kg, ?150,1/27/2020,7/14/2022
PRD#_10733,No Onion No Garlic Tomato Ketchup,SUP_101,PCAT_10018, 950g, ?140,1/10/2020,9/8/2022
PRD#_10734,Imli Sauce,SUP_126,PCAT_10018, 500g, ?110,6/8/2020,3/3/2022
PRD#_10735,Pizza & Pasta Sauce,SUP_119,PCAT_10015, Sauces, 325g,11/30/2020,8/5/2022
PRD#_10736,Mayonnaise Original,SUP_117,PCAT_10015, Sauces, 500g,10/20/2020,2/18/2022
PRD#_10737,Tandoori Mayonnaise,SUP_119,PCAT_10015, Sauces, 250g,12/10/2020,9/13/2022
PRD#_10738,Thousand Island Dressing,SUP_120,PCAT_10015, Sauces, 300g,9/9/2020,2/11/2022
PRD#_10739,Cheesy Jalapeno Dip,SUP_110,PCAT_10018, 300g, ?150,11/22/2020,11/21/2022
PRD#_10740,Classic Mayonnaise,SUP_121,PCAT_10018, 250g, ?89,11/7/2020,8/21/2022
PRD#_10741,Eggless Caesar Dressing,SUP_104,PCAT_10018, 300g, ?120,5/31/2020,8/5/2022
PRD#_10742,Honey Mustard Dressing,SUP_110,PCAT_10018, 300g, ?130,6/30/2020,1/4/2022
PRD#_10743,Barbeque Sauce,SUP_127,PCAT_10018, 350g, ?140,12/18/2020,8/21/2022
PRD#_10744,Tomato Basil Pizza & Pasta Sauce,SUP_102,PCAT_10018, 450g, ?199,4/2/2020,8/24/2022
PRD#_10745,Cheesy Sauce,SUP_102,PCAT_10018, 450g, ?225,2/12/2020,9/27/2022
PRD#_10746,Peri Peri Sauce,SUP_111,PCAT_10018, 450g, ?199,10/29/2020,12/1/2022
PRD#_10747,Sriracha Sauce,SUP_124,PCAT_10018, 450g, ?199,6/19/2020,1/8/2022
PRD#_10748,Schezwan Sauce,SUP_112,PCAT_10018, 450g, ?199,10/6/2020,7/9/2022
PRD#_10749,Sweet Chilli Sauce,SUP_116,PCAT_10018, 450g, ?199,6/19/2020,12/5/2022
PRD#_10750,Hot Garlic Sauce,SUP_126,PCAT_10018, 450g, ?199,6/16/2020,9/23/2022
PRD#_10751,Green Chilli Sauce,SUP_108,PCAT_10018, 450g, ?199,3/25/2020,6/13/2022
PRD#_10752,Red Chilli Sauce,SUP_118,PCAT_10018, 450g, ?199,12/11/2020,12/15/2022
PRD#_10753,Dark Soy Sauce,SUP_111,PCAT_10018, 450g, ?199,4/25/2020,7/30/2022
PRD#_10754,Sweet Soy Sauce,SUP_102,PCAT_10018, 450g, ?199,4/5/2020,11/2/2022
PRD#_10755,Teriyaki Sauce,SUP_113,PCAT_10018, 450g, ?199,11/18/2020,12/21/2022
PRD#_10756,Hoisin Sauce,SUP_122,PCAT_10018, 450g, ?199,7/21/2020,5/25/2022
PRD#_10757,Oyster Sauce,SUP_105,PCAT_10018, 450g, ?199,7/30/2020,11/16/2022
PRD#_10758,Black Bean Sauce,SUP_107,PCAT_10018, 450g, ?199,12/20/2020,9/30/2022
PRD#_10759,Thai Sweet Chilli Sauce,SUP_101,PCAT_10018, 450g, ?199,10/18/2020,6/25/2022
PRD#_10760,Mango Chilli Sauce,SUP_103,PCAT_10018, 450g, ?199,12/18/2020,4/15/2022
PRD#_10761,Pineapple Chilli Sauce,SUP_122,PCAT_10018, 450g, ?199,6/6/2020,4/12/2022
PRD#_10762,Dabur Shilajit Gold,SUP_122,PCAT_10011, 20 Capsules, ?420,7/16/2020,6/25/2022
PRD#_10763,Dabur Chyawanprash,SUP_124,PCAT_10011, 950g, ?350,9/17/2020,11/12/2022
PRD#_10764,Vitashala Flaxseed Capsule,SUP_125,PCAT_10011, Bottle, ?599,8/2/2020,9/4/2022
PRD#_10765,Ayurvedic Herbal Medicine,SUP_116,PCAT_10011, Pack, ?1000,4/30/2020,5/14/2022
PRD#_10766,Health Supplement Capsule,SUP_105,PCAT_10011, Pack, ?1000,2/27/2020,2/4/2022
PRD#_10767,Herbal Dietary Supplement Powder,SUP_101,PCAT_10011, 180g, ?180,11/16/2020,6/5/2022
PRD#_10768,L-Glutamine Powder,SUP_103,PCAT_10011, 100g, ?100,9/5/2020,6/26/2022
PRD#_10769,Pea Protein Powder,SUP_127,PCAT_10011, Box, ?1000,9/26/2020,12/24/2022
PRD#_10770,S-Adenosyl L-Methionine Tablet,SUP_114,PCAT_10011, Pack, ?100,3/2/2020,4/7/2022
PRD#_10771,Multivitamin Capsule,SUP_116,PCAT_10011, Pack, ?124,6/19/2020,7/15/2022
PRD#_10772,Ayurvedic Joint Pain Capsule,SUP_112,PCAT_10011, Pack, ?100,8/17/2020,5/22/2022
PRD#_10773,Acai Berry Juice,SUP_123,PCAT_10011, Bottle, ?85,10/28/2020,1/26/2022
PRD#_10774,Spray Dried Mint Powder,SUP_126,PCAT_10011, 150g, ?150,8/28/2020,12/21/2022
PRD#_10775,Herbal Capsules,SUP_109,PCAT_10011, Pack, ?80,10/22/2020,9/11/2022
PRD#_10776,Nutraceutical Tablets,SUP_111,PCAT_10011, Pack, ?100,6/20/2020,7/8/2022
PRD#_10777,Ayurvedic Powder,SUP_110,PCAT_10011, 150g, ?150,6/4/2020,1/22/2022
PRD#_10778,Herbal Dietary Supplement,SUP_104,PCAT_10011, Pack, ?2250,12/13/2020,3/10/2022
PRD#_10779,Keto ACV Gummies,SUP_110,PCAT_10011, Pack, ?11999,3/18/2020,6/21/2022
PRD#_10780,Met Pco Care Tablet,SUP_121,PCAT_10011, Pack, ?499,11/21/2020,8/31/2022
PRD#_10781,Premuline Powder,SUP_110,PCAT_10011, Pack, ?500,3/30/2020,7/29/2022
PRD#_10782,Testosterone Booster Capsules,SUP_102,PCAT_10011, Pack, ?1299,1/7/2020,2/15/2022
PRD#_10783,Herbal Supplement Tonic,SUP_127,PCAT_10011, Bottle, ?1400,12/25/2020,11/3/2022
PRD#_10784,Amla Capsules,SUP_108,PCAT_10011, Pack, ?90,3/10/2020,7/29/2022
PRD#_10785,Herbal Dietary Supplement,SUP_121,PCAT_10011, Box, ?15,11/26/2020,4/3/2022
PRD#_10786,Herbal Supplement Capsule,SUP_102,PCAT_10011, Pack, ?1000,1/30/2020,2/1/2022
PRD#_10787,Herbal Dietary Supplement Powder,SUP_103,PCAT_10011, 180g, ?180,9/22/2020,9/8/2022
PRD#_10788,L-Glutamine Powder,SUP_116,PCAT_10011, 100g, ?100,1/25/2020,9/28/2022
PRD#_10789,Pea Protein Powder,SUP_123,PCAT_10011, Box, ?1000,6/12/2020,2/18/2022
PRD#_10790,S-Adenosyl L-Methionine Tablet,SUP_118,PCAT_10011, Pack, ?100,10/8/2020,2/11/2022
PRD#_10791,Multivitamin Capsule,SUP_119,PCAT_10011, Pack, ?124,7/15/2020,5/24/2022
PRD#_10792,Ayurvedic Joint Pain Capsule,SUP_127,PCAT_10011, Pack, ?100,10/28/2020,12/14/2022
